GID,site_2,site_3,site_4,site_5,site_17,site_18,site_21,site_24,site_26,site_28,site_35,site_57,site_58,site_59,site_60,site_69,site_70
1,0.189,0.0,0.0,0.0,0.0,0.0,0.0,0.0,0.0,0.0,0.0,0.0,0.0,0.0,0.0,0.0,0.0
2,0.0,0.0,0.0,0.0,0.0,0.0,0.0,0.0,0.0,0.0,0.0,0.0,0.0,0.0,0.0,0.0,0.0
3,0.0,0.0,0.0,0.0,0.0,0.0,0.0,0.0037,0.0,0.0,0.0,0.0,0.0076,0.0,0.0,0.0,0.0
4,0.0,0.0,0.0,0.0,0.0,0.0,0.0,0.0,0.0,0.0,0.0,0.0,0.0,0.0,0.0,0.0,0.0
5,0.0,0.0,0.0,0.0,0.0,0.0,0.0,0.0,0.0,0.0,0.0,0.0,0.0,0.0,0.0,0.0,0.0
6,1.05,10.9,5.5572,0.1179,0.0,0.0,0.0035,0.0221,0.0834,0.0246,0.1482,0.0,1.963,0.0,0.0961,0.0,0.0
7,0.0,0.0,0.0,0.1409,2.4967,1.9849,0.0,0.5098,0.6222,0.3192,0.0593,0.0,0.8525,0.0,0.0576,0.1221,0.0
8,0.0,0.99,0.0,0.0,0.0,0.0,0.0,0.0,0.0,0.0,0.0,0.0,0.0,0.0,0.0,0.0,0.0
9,0.0,0.0,0.0,0.0,0.0,0.0,0.0,0.0,0.0,0.0,0.0,0.0,0.0,0.0,0.0,0.0049,0.0
10,0.0,0.0,0.0,0.0,0.0,0.0,0.0,0.0,0.0,0.0,0.0,0.0,0.0,0.0,0.0,0.0049,0.0
11,0.0,0.0,0.0,0.0,0.0,0.0,0.0,0.0018,0.0149,0.0,0.0099,0.0,0.0,0.0,0.0192,0.0,0.0
12,0.0,0.0,0.0,0.0,0.0,0.0,0.0,0.0,0.0,0.0,0.0,0.0,0.0,0.0,0.0,0.0098,0.0
13,0.0,0.0,0.0,0.0,0.0,0.0,0.0,0.0,0.0,0.0,0.0,0.0,0.0,0.0,0.0,0.0,0.0
14,0.0,0.0,0.0,0.0,0.0,0.0,0.0,0.0,0.0,0.0,0.0,0.0,0.0,0.0,0.0,0.0049,0.0
15,0.0,0.0,0.0,0.0,0.0,0.0,0.0,0.0,0.0,0.0,0.0,0.0,0.0,0.0,0.0,0.0,0.0
16,0.0,0.0,0.0,0.0,0.0,0.0,0.0,0.0,0.0,0.0,0.0,0.0,0.0,0.0,0.0,0.0,0.0
17,0.126,12.14,1.9567,0.9487,0.3616,0.9528,0.1695,1.8903,2.5307,3.7196,0.7606,0.2774,0.1076,9.9,2.7858,1.9934,0.0053
18,0.357,0.0,0.3824,0.0776,0.1906,0.1389,0.0,0.1951,0.2322,0.577,0.1185,0.0,0.0059,0.0,0.1729,0.044,0.0159
19,0.0,0.0,0.0,0.0,0.0,0.0,0.0,0.0,0.0,0.0,0.0,0.0,0.0008,0.0,0.0,0.0,0.0
20,0.0,0.0,0.0,0.023,0.0,0.0,0.0,0.173,0.2501,0.135,3.7337,0.0,0.0008,0.0,0.1729,0.0,0.0
21,0.0,0.0,0.0,0.0,0.0,0.0,0.0,0.0,0.0,0.0,0.0,0.0,0.0,0.0,0.0,0.0,0.0
22,0.0,0.0,0.0,0.0,0.0,0.0,0.0,0.0,0.0,0.0,0.0,0.0,0.0,0.0,0.0,0.0,0.0
23,0.0,0.0,0.005,0.0,0.0122,0.0397,0.0,0.9148,0.259,0.3069,0.0296,0.0,0.0925,0.0,0.0,0.0,0.0
24,0.0,0.0,0.2433,0.0,0.0,0.0,0.0,0.0,0.0,0.0,0.0,0.0,0.0,0.0,0.0,0.0,0.0
25,0.0,0.0,0.0,0.0,0.0,0.0,0.0,0.0,0.0,0.0,0.0,0.0,0.0,0.0,0.0,0.0049,0.0
26,0.0,0.0,0.0,0.0,0.0,0.0,0.0,0.0,0.0,0.0,0.0,0.0,0.0,0.0,0.0192,0.0,0.0
27,0.0,0.0,0.0,0.0,0.0,0.0,0.0,1.0988,0.128,0.0982,0.0,0.0,0.0,0.0,0.0,0.0,0.0
28,0.0,0.0,0.0,0.0,0.0,0.0,0.0018,0.0018,0.006,0.0,0.0099,0.0,0.0143,0.0,0.0,0.0,0.0
29,0.0,0.0,0.0,0.0,0.0,0.0,0.0,0.0,0.0,0.0,0.0,0.0,0.0,0.0,0.0,0.0,0.0
30,0.0,0.0,0.1937,0.0517,0.0,0.0,0.0,0.011,0.0208,0.0,0.0296,0.0,0.0,0.0,0.0,0.0049,0.0
31,0.0,0.0,0.0,0.0,0.0,0.0,0.0,0.0,0.0,0.0,0.0691,0.0,0.0,0.0,0.0,0.0,0.0
32,0.0,0.0,0.0,0.0,0.0,0.0,0.0,0.0,0.003,0.0,0.0,0.0017,0.0,0.0,0.0,0.0,0.0
33,0.0,0.0,0.0,0.0,0.0,0.0,0.0,0.0,0.0,0.0,0.0,0.0,0.0,0.0,0.0,0.0,0.0
34,0.0,0.0,0.0,0.0,0.0244,0.0,0.0,0.0313,0.0417,0.0368,0.0,0.0,0.0109,0.0,0.0,0.0,0.0
35,0.0,0.0,0.0,0.0,0.0,0.0,0.0,0.0,0.0,0.0,0.0,0.0,0.0,0.0,0.0,0.0,9.268
36,0.0,0.0,0.0,0.0115,0.0,0.0,0.0,0.0,0.0,0.0,0.0099,0.0017,0.0,0.0,0.0192,0.0,0.0
37,0.0,0.0,0.0,0.0057,0.0,0.0,0.0,0.0,0.0,0.0,0.0,0.0,0.0,0.0,0.0,0.0,0.0
38,0.0,0.0,0.0,0.1064,0.0,0.0,0.0,0.1307,0.1489,0.1228,0.0,0.0,0.0008,0.0,0.0192,0.0049,0.0423
39,0.0,0.0,0.0,0.0,0.0,0.0,0.0,0.0,0.0,0.0,0.0,0.0,0.0,0.0,0.0,0.0,0.0
40,0.0,0.0,0.2831,0.138,0.0,0.0,0.0141,1.2755,1.2951,4.1616,0.0,0.0,0.0034,0.0,0.0,0.4446,0.0
41,0.0,0.0,0.005,0.0,0.0,0.0,0.0,0.0,0.0,0.0,0.0,0.0,0.0,0.0,0.0,0.0,0.0
42,0.0,0.0,0.0,0.0,0.0,0.0,0.0,0.0,0.0,0.0,0.0,0.0,0.0,0.0,0.0,2.0666,2.927
43,0.273,0.0,0.0,0.0,0.0,0.0,0.0,0.0,0.0,0.0,0.0,0.0,0.0,0.0,0.0,0.0,0.0
44,0.021,0.0,0.0,0.0,0.0,0.0,1.0646,0.0,0.0,0.0,0.0,0.0,0.0,0.0,0.0,0.0,0.0
45,0.0,0.0,0.0,0.0115,0.0,0.0,0.0,0.0,0.0,0.0,0.0889,0.0,0.0984,0.0,0.0384,0.0,0.0
46,0.0,0.0,0.0,0.0,0.0,0.0,0.0,0.0037,0.0,0.0,0.0,0.0,0.0,0.0,0.0,0.0,0.0
47,0.0,0.0,0.0,0.0029,0.0,0.0,0.0,0.0,0.0,0.0,0.079,0.0,0.1496,0.0,0.0,0.0,0.0
48,0.0,0.0,0.0,0.0,0.0,0.0,0.0,0.0,0.0,0.0,0.0,0.0,0.0,0.0,0.0,0.0,0.0
49,0.0,0.0,0.0,0.0,0.0,0.0,0.0,0.0,0.0,0.0,0.0,0.0,0.0017,0.0,0.0,0.0,0.0
50,0.0,0.0,0.0,0.0,0.0,0.0,0.0,0.0,0.0,0.0,0.0,0.0,0.0,0.0,0.0,0.0,0.0
51,0.0,0.0,0.0,0.0,0.0,0.0,0.0,0.0239,0.1608,0.0246,0.0,0.0,0.0,0.0,0.0,0.0,0.0
52,0.0,0.0,0.0,0.023,0.0,0.0,0.0,0.0,0.0,0.0,0.0099,0.0,0.0235,0.0,0.0576,0.0,0.7569
53,0.0,0.0,0.0,0.0,0.0,0.0,0.0,0.0,0.006,0.0,0.0,0.0,0.0,0.0,0.0,0.0,0.0053
54,0.0,0.0,0.0,0.0,0.0,0.0,0.0,0.0,0.0,0.0,0.0,0.0,0.0008,0.0,0.0,0.0,0.0
55,0.0,0.0,0.0,0.0,0.0,0.0,0.0,0.0,0.0,0.0,0.0,0.0,0.0042,0.0,0.0,0.0,0.0
56,0.0,0.0,0.0,0.0,0.0,0.0,0.0,0.0,0.0,0.0,0.0,0.0,0.7037,0.0,0.0,0.0,0.0
57,0.0,0.0,0.0,0.0,0.0,0.0,0.0,0.0,0.0,0.0,0.0,0.0,0.0008,0.0,0.0,0.0,0.0
58,0.0,0.0,0.0,0.0,0.0,0.0,0.0,0.0,0.0,0.0,0.0,0.0,0.0412,0.0,0.0,0.0,0.0
59,0.0,0.0,0.0,0.0,0.0,0.0,0.0,0.0,0.0,0.0,0.0,0.0,0.0,0.0,0.0,0.0,0.0
60,0.0,0.0,0.0,0.0,0.0,0.0,0.0,0.0,0.0,0.0,0.0,0.0,0.0,0.0,0.0,0.0,0.0
61,0.0,0.0,0.0,0.0,0.0,0.0,0.0,0.0,0.0,0.0,0.0,0.0,0.0,0.0,0.0,0.0,0.0
62,0.0,0.0,0.0,0.0,0.0,0.0,0.0,0.0,0.0,0.0,0.0,0.0,0.0,0.0,0.0,0.0,0.0
63,0.0,0.0,0.0,0.0,0.0,0.0,0.0,0.0,0.0,0.0,0.0,0.0,0.0,0.0,0.0,0.0,0.0
64,0.0,0.0,0.0,0.0,0.0,0.0,0.0,0.0,0.0,0.0,0.0,0.0,0.0,0.0,0.0,0.0,0.0
65,0.0,0.0,0.0,0.0,0.0,0.0,0.0,0.0,0.0,0.0,0.0,0.0,0.0235,0.0,0.0,0.0,0.0
66,0.0,0.0,0.0,0.0,0.0,0.0,0.0,0.0,0.0,0.0,0.0,0.0,0.0,0.0,0.0,0.0,0.0
67,0.0,0.0,0.0,0.0,0.0,0.0,0.0,0.0,0.0,0.0,0.0,0.0,0.0034,0.0,0.0,0.0,0.0
68,0.0,0.0,0.0,0.0,0.0,0.0,0.0,0.0,0.0,0.0,0.0,0.0,0.0,0.0,0.0,0.0,0.0
69,0.0,0.0,0.0,0.0,0.0,0.0,3.0809,0.0,0.0,0.0,0.0,0.0,1.1913,0.0,0.0,0.0879,0.0
70,0.0,0.0,0.0,0.0,0.0,0.0,0.0,0.0,0.0,0.0,0.0,0.0,0.0,0.0,0.0,0.0,0.0
71,0.0,0.0,0.0,0.0,0.0,0.0,0.0,0.0,0.0,0.0,0.0,0.0,0.0462,0.0,0.0,0.0,0.0
72,0.0,0.0,0.0,0.0,0.0,0.0,0.0,0.0,0.0,0.0,0.0,0.0,0.1135,0.0,0.0,0.0,0.0
73,0.0,0.0,0.0,0.0,0.0,0.0,0.0,0.0,0.0,0.0,0.0,0.0,0.0025,0.0,0.0,0.0,0.0
74,0.0,0.0,0.0,0.0,0.0,0.0,0.0,0.0,0.0,0.0,0.0,0.0,0.0,0.0,0.0,0.0,0.0
75,0.0,0.0,0.0,0.0,0.0,0.0,0.0,0.0,0.0,0.0,0.0,0.0,0.0,0.0,0.0,0.0,0.0
76,0.0,0.0,0.0,0.0,0.0,0.0,0.0,0.0,0.0,0.0,0.0,0.0,0.0,0.0,0.0,0.0,0.0
77,0.0,0.0,0.0,0.0,0.0,0.0,0.0,0.0,0.0,0.0,0.0,0.0,0.005,0.0,0.0,0.0,0.0
78,0.0,0.0,0.0,0.0,0.0,0.0,0.0,0.0,0.0,0.0,0.0,0.0,0.0,0.0,0.0,0.0,0.0
79,0.0,0.0,0.0,0.023,0.0,0.0,0.0,0.0037,0.0,0.0,0.0,0.0,0.0,0.0,0.0192,0.0,0.0
80,0.0,0.0,0.0,0.0,0.0,0.0,0.0,0.0,0.0,0.0,0.0,0.0,0.0,0.0,0.0,37.2288,0.0
81,0.0,0.0,0.0,0.0,0.0562,0.0198,0.0,0.0589,0.0506,0.0491,0.0,0.0,0.1118,0.0,0.0,0.0,0.0
82,0.0,0.0,0.0,0.0,0.0,0.0,0.0,0.0,0.006,0.0,0.0,0.0,0.0008,0.0,0.0,0.0,0.0
83,0.0,0.0,0.0,0.0057,0.0,0.0,0.0,0.0331,0.4615,0.0123,0.0,0.0,0.0,0.0,0.0192,0.0,0.0
84,0.0,0.0,0.0,0.0,0.0269,0.0,0.0,0.0,0.0,0.0,0.0,0.0,0.0,0.0,0.0,0.0,0.0
85,0.0,0.0,0.0,0.0,0.0,0.0,0.0,0.0,0.0,0.0,0.0,0.0,0.0,0.0,0.0,0.0,0.0
86,0.0,0.0,0.0,0.0029,0.0171,0.0,0.0035,0.0147,0.0149,0.0123,0.0,0.0,0.0,0.0,0.0,0.0,0.0
87,0.0,0.0,0.0,0.0,0.0,0.0,0.0,0.0,0.0089,0.0,0.0,0.0,0.0,0.0,0.0,0.0,0.0
88,0.0,0.0,0.0,0.0,0.0,0.0,0.0,0.0331,0.006,0.0123,0.0198,0.0,0.0,0.0,0.0,0.0,0.0
89,4.1159,0.0,0.0,0.0,0.0049,0.0,0.0,0.0,0.0,0.0,0.0,0.0,0.0,0.0,0.0,0.0,0.0
90,0.0,0.0,0.0,0.0374,0.0,0.0,0.0,0.0018,0.0,0.0,0.0,0.0,0.0,0.0,0.1153,0.0,0.0
91,0.0,2.18,0.0944,0.8107,0.0,0.0,0.0,0.2043,0.2769,0.2332,0.1482,0.0174,0.0,0.0,1.3256,0.0293,0.0
92,0.0,0.0,0.0,0.0,0.0,0.0,0.0,0.0018,0.0,0.0,0.0099,0.0,0.0,0.0,0.0,0.0147,0.0106
93,0.0,0.0,0.0,0.0,0.0,0.0,0.0,0.0,0.0,0.0,0.0,0.0,0.0,0.0,0.0,0.0,0.0
94,0.0,0.0,0.0,0.0,0.0,0.0,0.0,0.0,0.003,0.0,0.0,0.0,0.0,0.0,0.0,0.0,0.0
95,0.0,0.0,0.0,0.1667,0.0,0.0,0.0,0.011,0.0595,0.0123,0.0296,0.0,0.0,0.0,0.269,0.0,0.0
96,0.0,0.0,0.0,0.0287,0.0,0.0,0.0,0.0129,0.0119,0.0,0.0,0.0,0.0,0.0,0.0,0.0,0.0
97,0.0,0.0,0.0,0.0,0.0,0.0,0.0,0.0,0.0,0.0,0.0,0.0,0.0,0.0,0.0,0.0,0.0
98,0.0,0.0,0.0,0.0,0.0,0.0,0.0,0.0276,0.0238,0.0123,0.0,0.0,0.0,0.0,0.0,0.0,0.0
99,0.0,0.0,0.0,0.0,0.0,0.0,0.0,0.0,0.0,0.0,0.0,0.0,0.0,0.0,0.0,0.0,0.0
100,0.0,0.0,0.0,0.0086,0.0,0.0,0.0,0.0037,0.003,0.0,0.0,0.0,0.0,0.0,0.0192,0.0049,0.0
101,0.042,0.0,0.005,0.0,0.0,0.0,0.0,0.1068,0.0804,0.0859,0.0,0.0,0.0042,0.0,0.1153,0.0,0.0529
102,0.0,0.0,0.0,0.0,0.0,0.0,0.0,0.0,0.0,0.0,0.0,0.0,0.0,0.0,0.0,0.0,0.0
103,0.0,0.0,0.0,0.0115,0.0,0.0,0.0,0.0,0.0,0.0,0.0,0.0,0.0008,0.0,0.0,0.0,0.0
104,0.0,0.0,0.0,0.0,0.0,0.0,0.0,0.0,0.0,0.0,0.0,0.0,0.0,0.0,0.0,0.0,0.0
105,0.0,0.0,0.0,0.0057,0.0,0.0,0.0,0.0,0.0,0.0,0.0,0.0,0.0,0.0,0.0,0.0,0.0
106,0.0,0.0,0.0,0.0,0.0,0.0,0.0,0.0,0.0,0.0,0.0,0.0,0.0,0.0,0.0,0.0,0.0053
107,0.0,0.0,0.0248,0.0029,0.0,0.0,0.0018,0.0055,0.1102,0.0123,0.0,0.0,0.0,0.0,0.0,0.0,0.0
108,0.0,0.0,0.0,0.0029,0.0,0.0,0.0,0.0387,0.0357,0.0123,0.0,0.0,0.0,0.0,0.0,0.0,0.0
109,0.399,0.0,0.0,0.0,0.0,0.0,0.0,0.0,0.0,0.0,0.0,0.0,0.0,0.0,0.0,0.0,0.0
110,7.6858,0.4,1.0379,5.1978,0.9943,0.5161,0.0,2.7094,3.9032,3.0935,0.0099,8.2225,12.5593,0.0,0.6532,0.0049,0.0
111,0.0,0.0,0.0,0.0057,0.0,0.0,0.0,0.0,0.0,0.0,0.0,0.0,0.0101,0.0,0.0,0.0,0.0
112,0.0,0.0,0.0,0.0,0.0,0.0,0.0018,0.0,0.006,0.0,0.0,0.0,0.0,0.0,0.0,0.0244,0.0688
113,0.0,0.0,0.005,0.2156,0.149,0.0992,0.03,0.0626,0.0536,0.0246,3.5065,0.0,0.0,0.0,0.2498,0.9967,0.0
114,0.0,0.0,0.0,0.0,0.0,0.0,0.0,0.0,0.0,0.0,0.0198,0.0,0.0067,0.0,0.0,0.0,0.0
115,0.0,0.0,0.0,0.0,0.0,0.0,0.0,0.0,0.0,0.0,0.0,0.0,0.0,0.0,0.0,0.0,0.0
116,0.0,0.0,0.0,0.0,0.0,0.0,0.0,0.0,0.0,0.0,0.0,0.0,0.0,0.0,0.0,0.0,0.0
117,0.0,0.0,0.0,0.0,0.0,0.0,0.0,0.0,0.0,0.0,0.0,0.0,0.0,0.0,0.0,0.0,0.0
118,0.0,0.0,0.0,0.0,0.0,0.0,0.0,0.243,3.0606,0.1719,0.0,0.0,0.0,0.0,0.0,0.0,0.0
119,0.0,0.0,0.0,0.0,0.0,0.0,0.0,0.0,0.0,0.0,0.0,0.0,0.0,0.0,0.0,0.0,0.0
120,0.0,0.0,0.0,0.0,0.0,0.0,0.0,0.0,0.0,0.0,0.0,0.0,0.0,0.0,0.0,0.0,0.0
121,0.0,0.0,0.0,0.0,0.0,0.0,0.0,0.0018,0.0,0.0,0.0,0.0,0.0,0.0,0.0,0.0,0.0
122,0.0,0.0,0.0,0.0,0.0,0.0,0.0,0.0,0.0,0.0,0.0,0.0,0.0,0.0,0.0,0.0,0.0
123,0.0,0.0,0.0,0.0,0.0,0.0,0.0,0.0,0.0,0.0,0.0,0.0,0.0,0.0,0.0,0.0,0.0
124,0.0,0.0,0.0,0.0,0.0,0.0,0.0,0.0,0.0,0.0,0.0,0.0,0.0,0.0,0.0,0.0,0.0
125,0.0,0.0,0.0,0.0057,0.0293,0.0397,0.0,0.0,0.0,0.0,0.0,0.0,0.0,1.41,0.0,0.0,0.0
126,0.0,0.0,0.0,0.0029,0.0,0.0,0.0,0.0,0.0,0.0,0.0,0.0,0.0,0.0,0.0,0.0,0.0
127,0.0,0.0,0.0,0.0,0.0,0.0,0.0,0.0,0.0,0.0,0.0,0.0,0.0,0.0,0.0,0.0,0.0
128,0.0,0.0,0.0,0.0115,0.0,0.0,0.0,0.0,0.0,0.0,0.0,0.0,0.0,0.0,0.2113,0.0,0.0
129,0.0,0.0,0.0,0.0086,0.0,0.0,0.0,0.0018,0.0,0.0,0.0,0.0,0.0,0.0,0.0,0.0049,0.0
130,0.0,0.0,0.0,0.0,0.0,0.0,0.0,0.0,0.0,0.0,0.0,0.0,0.0,0.0,0.0,0.0,0.0
131,0.0,0.0,0.0,0.0,0.0,0.0,0.0,0.0,0.0,0.0,0.0,0.0,0.0,0.0,0.0,0.0,0.0
132,0.0,0.0,0.0,0.0,0.0,0.0,0.0,0.0,0.0,0.0,0.0,0.0,0.0,0.0,0.0,0.0,0.0
133,0.0,0.0,0.0,0.0,0.0,0.0,0.0,0.0,0.0,0.0,0.0,0.0,0.0,0.0,0.0,0.0,0.0
134,0.0,0.0,0.0,0.0172,0.0,0.0,0.0,0.0,0.006,0.0,0.0,0.0,0.0,0.0,0.0384,0.0,0.0
135,0.0,0.0,0.0,0.0,0.0,0.0,0.1377,0.0129,0.0238,0.1473,0.0,0.0,0.0,0.0,0.0,0.0,0.0
136,0.252,0.0,2.94,9.7344,0.0195,0.0198,0.0,0.3902,0.3632,0.3437,0.0,0.0017,0.0,0.0,0.8261,0.0,0.0
137,0.0,0.0,0.0,0.0,0.0,0.0,0.0,0.0,0.0,0.0,0.0,0.0017,0.0059,0.0,0.0,0.0,0.0
138,0.0,0.0,0.0,0.0,0.0,0.0,0.0,0.0,0.0,0.0,0.0,0.0,0.0,0.0,0.0,0.0195,0.0
139,0.0,0.0,0.5215,0.2127,0.0,0.0,0.0,0.0166,0.003,0.0,0.0099,0.157,0.4531,0.0,1.172,0.0147,0.0
140,0.0,0.0,0.005,0.0,0.066,0.0397,0.0,0.0,0.0,0.0,0.0,0.0,0.0,0.0,0.0,0.0,0.0212
141,0.0,0.0,0.0,0.0086,0.0,0.0,0.0,0.0,0.0,0.0,0.0099,0.0,0.0,0.0,0.0192,0.0,0.0
142,0.0,0.0,0.0,0.0,0.0,0.0,0.0,0.0,0.0,0.0,0.0,0.0,0.0,0.0,0.0,0.0,0.0
143,3.5699,0.0,0.005,2.3402,0.1148,0.0198,0.0,10.092,6.4458,16.5603,28.8325,0.0698,0.0,0.84,1.7291,0.4251,0.0
144,0.0,0.0,0.0,0.0,0.0,0.0,0.0,0.0,0.003,0.0,0.0,0.0,0.0,0.0,0.0,0.0,0.0
145,0.042,0.0,0.0,0.0,0.0,0.0,0.0,0.0,0.0,0.0,0.0,0.0,0.1446,0.0,0.0,0.0,0.0
146,0.063,0.0,0.7747,6.9256,0.2883,0.2977,0.0,0.2301,0.262,1.0312,0.0988,0.0,1.7117,0.0,8.5879,0.0049,0.0
147,0.0,0.0,0.005,0.0,0.0,0.0,0.0,0.0,0.0,0.0,0.0,0.0,0.0,0.0,0.0,0.0,0.0
148,0.0,0.0,0.0,0.0,0.0,0.0,0.0,0.0,0.0,0.0,0.0,0.0,0.0,0.0,0.0,0.0,0.0
149,0.0,0.0,0.0,0.0115,0.0,0.0,0.0,0.0,0.0,0.0,0.0099,0.0,0.0,0.0,0.0,0.0,0.0
150,0.0,0.0,0.0,0.0,0.0,0.0,0.0,0.0,0.0,0.0,0.0,0.0,0.0,0.0,0.0,0.0,0.0
151,0.0,0.0,0.0,0.0,0.044,0.0992,0.0,0.0,0.0,0.0,0.0,0.0,0.0,0.0,0.0,0.0,0.0
152,0.0,0.0,0.0,0.0,0.0,0.0,0.0,0.0,0.0,0.0,0.0,0.0,0.0017,0.0,0.0,0.0,0.0
153,0.0,0.0,0.0,0.0,0.0,0.0,0.0,0.0,0.0,0.0,0.0,0.0,0.0,0.0,0.0,0.0,0.0
154,0.0,0.0,0.0,0.0,0.0073,0.0198,0.0,0.0,0.0,0.0,0.0,0.0,0.0,0.0,0.0,0.0,0.0
155,0.0,0.0,0.005,0.0,0.0684,0.1191,0.0,0.035,0.006,0.0,0.0,0.0,0.0,1.75,0.0,0.0,0.0
156,0.0,0.0,0.0,0.0,0.0,0.0,0.0,0.0,0.0,0.0,0.0,0.0,0.0,0.0,0.0,0.0,0.0
157,0.0,0.0,0.0,0.0,0.0,0.0,0.0,0.0,0.0,0.0,0.0,0.0,0.0,0.0,0.0,0.0,0.0
158,0.0,0.0,0.0546,0.0,0.0,0.0,0.0,0.0,0.0,0.0,0.0,0.0,0.0,0.0,0.0,0.0,0.0
159,0.0,0.0,0.0,0.0,0.0,0.0,0.0,0.0,0.0,0.0,0.0,0.0,0.0,0.0,0.0,0.0,0.0
160,0.0,0.0,0.0,0.0,0.0,0.0,0.0,0.0,0.0,0.0,0.0,0.0,0.0,0.0,0.0,0.0,0.0
161,0.0,0.0,0.0,0.0172,0.0,0.0,0.0,0.0,0.0,0.0,0.0296,0.0,0.0,0.0,0.0384,0.0,0.0
162,0.0,0.0,0.0,0.0,0.0,0.0,0.0,0.0,0.0,0.0,0.0,0.0,0.0,0.0,0.0,0.0,0.0
163,0.0,0.0,0.0,0.0,0.0,0.0,0.0,0.0018,0.003,0.0,0.0099,0.0,0.0,0.0,0.0,0.0,0.0
164,0.021,0.0,0.0,0.0,0.0,0.0,0.0,0.0,0.0,0.0,0.0,0.0,0.0,0.0,0.0,0.0,0.0
165,0.0,0.0,0.0,0.0029,0.0,0.0,0.0,0.0,0.0,0.0,0.0198,0.0,0.0,0.0,0.0,0.0,0.0
166,0.168,0.0,0.0,0.0,0.2321,0.2183,0.0,0.0018,0.0,0.0,0.0,0.0,0.0,0.0,0.0,0.0,0.0
167,0.0,0.0,0.0,0.0,0.0,0.0,0.0,0.0,0.0,0.0,0.0,0.0,0.0,0.0,0.0384,0.0,0.0
168,0.0,0.0,0.005,0.0,0.0,0.0,0.0,0.0,0.0,0.0,0.0,0.0,0.0,0.0,0.0,0.0,0.0
169,0.0,0.0,0.0,0.0,0.0,0.0,0.0,0.0,0.0,0.0,0.0,0.0017,0.0437,0.0,0.0,0.0,0.0
170,0.0,0.0,0.0,0.0,0.0,0.0,0.0,0.0,0.0,0.0,0.0,0.0,0.0,0.0,0.0,0.0,0.0
171,0.0,0.45,0.0,0.6526,0.0,0.0,0.0018,0.0055,0.0119,0.0123,0.0,0.0,0.0,0.0,0.5187,0.0,0.0
172,0.0,0.0,0.0,0.0,0.0024,0.0,0.0,0.0,0.0,0.0,0.0,0.0,0.0,0.0,0.0,0.0,0.0
173,0.0,0.0,0.005,0.0,0.0,0.0,0.0,0.0,0.0,0.0,0.0,0.0,0.0,0.0,0.0,0.0,0.0
174,0.0,0.0,0.0,0.0057,0.0,0.0,0.0,0.0,0.0149,0.0,0.0099,0.0,0.0,0.0,0.0192,0.0,0.0
175,0.0,0.0,0.0,0.0,0.0,0.0,0.0,0.0,0.0,0.0,0.0,0.0,0.0,0.0,0.0,0.0,0.0
176,0.0,0.0,0.0,0.0,0.0,0.0,0.0,0.0,0.0,0.0,0.0,0.0,0.0,0.0,0.0192,0.0,0.0
177,0.0,0.0,0.0,0.0,0.0,0.0,0.0,0.0,0.0,0.0,0.0,0.0,0.0,0.0,0.0,0.0,0.0
178,0.0,0.0,0.0,0.0,0.0,0.0,0.0,0.0,0.0,0.0,0.0099,0.0,0.0,0.0,0.0192,0.0049,0.0
179,0.0,0.0,0.0,0.0,0.0,0.0,0.0,0.0,0.0,0.0,0.0,0.0,0.0,0.0,0.0,0.0,0.0
180,0.0,0.0,0.0,0.1179,0.0,0.0,0.0,0.0074,0.0119,0.0,0.0889,0.0,0.0,0.0,0.0384,0.0,0.0
181,0.0,0.0,0.0,0.0,0.0,0.0,0.0,0.0,0.0,0.0,0.0,0.007,0.0,0.0,0.0,0.0,0.0
182,0.0,0.0,0.0,0.0057,0.0,0.0,0.0,0.0018,0.0119,0.0,0.0099,0.0122,0.0,0.0,0.0,0.0049,0.0
183,0.0,0.0,0.0,0.0,0.0,0.0,0.0,0.0,0.0,0.0,0.0,0.0,0.0,0.0,0.0,0.0,0.0
184,0.0,0.0,0.005,0.0,0.0,0.0,0.0,0.0,0.0,0.0,0.0,0.0,0.0,0.0,0.0,0.0,0.0
185,0.0,0.0,0.0,0.0,0.0,0.0,0.0,0.0,0.0,0.0,0.0,0.0,0.0,0.0,0.0,0.0,0.0
186,0.0,0.0,0.0,0.0029,0.0,0.0,0.0,0.2356,0.0476,0.0368,0.1976,0.0,0.0059,0.0,0.0,0.0,0.0
187,0.0,0.0,0.0,0.0,0.0,0.0,0.0,0.0,0.0,0.0,0.0,0.0,0.0,0.0,0.0,0.0,0.0
188,0.0,0.0,0.0,0.0,0.0,0.0,0.0,0.0,0.0,0.0,0.0,0.0,0.0,0.0,0.0,0.0,0.0
189,0.0,0.0,0.005,0.0,0.0,0.0,0.0,0.0,0.0,0.0,0.0,0.0,0.0,0.0,0.0,0.0,0.0
190,0.0,0.0,0.0,0.0,0.0,0.0,0.0,0.0,0.0,0.0,0.0,0.0,0.0,0.0,0.0,0.0,0.0
191,0.0,0.0,0.0,0.0,0.0,0.0,0.0,0.0018,0.0,0.0,0.0,0.0,0.0008,0.0,0.0,0.0,0.0
192,0.021,0.0,0.0,0.0,0.0,0.0,0.0,0.0018,0.0,0.0,0.0,0.0,0.0008,0.0,0.0,0.0,0.0
193,0.0,0.0,0.0,0.0,0.0,0.0,0.6797,0.0,0.0,0.0,0.0,0.0,0.0,0.0,0.0,0.0,0.0
194,0.0,0.0,0.0,0.0,0.0049,0.0,0.0,0.0,0.0,0.0,0.0,0.0,0.0,0.0,0.0,0.0,0.0
195,0.0,0.0,0.0,0.0,0.0,0.0,0.0,0.0,0.0,0.0,0.0,0.0,0.0,0.0,0.0,0.0,0.0
196,0.0,0.0,0.0,0.0,0.0,0.0,0.0,0.0037,0.003,0.0123,0.0,0.0,0.0,0.0,0.0,0.0,0.0
197,0.0,0.0,0.0,0.0,0.0,0.0,0.0,0.0,0.0,0.0,0.0,0.0,0.0,0.0,0.0,0.0,0.0
198,0.021,0.0,0.0,1.0896,0.0024,0.0,0.0,0.0239,0.1667,0.0737,0.0395,56.3261,0.1101,0.0,10.951,0.0,0.0
199,0.0,0.0,0.0397,0.0,0.0,0.0,0.0,0.0,0.0,0.0,0.0,0.0,0.0,0.0,0.0,0.0,0.0
200,0.084,0.0,0.0447,0.0,1.6808,0.1786,0.0,0.0,0.0,0.0,0.0,0.0,0.0,0.0,0.0,0.0,0.0
201,0.0,0.0,0.0,0.0,0.0147,0.0,0.0,0.0,0.0,0.0,0.0,0.0,0.0,0.0,0.0,0.0,0.0
202,0.0,0.0,0.005,0.0,0.0,0.0,0.0,0.0,0.0,0.0,0.0,0.0,0.0,0.0,0.0,0.0,0.0
203,0.0,0.0,0.0,0.0,0.0,0.0,0.0,0.0,0.0,0.0,0.0,0.0,0.0,0.0,0.0,0.0,0.0
204,0.0,0.0,0.0099,0.0057,0.0,0.0,0.0,0.0018,0.0179,0.0,0.0,0.0,0.0,0.0,0.0,0.0,0.0
205,0.0,0.0,0.0,0.0172,0.0,0.0,0.0,0.0,0.0,0.0,0.0,0.0,0.016,0.0,0.0,0.0,0.0
206,0.0,0.0,0.0,0.0259,0.3982,0.4168,0.0,0.0018,0.0,0.0,0.0099,0.0,0.4372,0.0,0.0,1.3094,0.0
207,0.0,0.0,0.0,0.0,0.0,0.0,0.0,0.0,0.0,0.0,0.0,0.0,0.0,0.0,0.0,0.0,0.0
208,0.0,0.0,0.0,0.0,0.0,0.0,0.0,0.0,0.0,0.0,0.0,0.0,0.0008,0.0,0.0,0.0,0.0212
209,0.0,0.0,0.0099,0.0,0.0,0.0,0.0,0.0202,0.0,0.0123,0.0099,0.0,0.0,0.0,0.0,0.0,0.0
210,0.0,0.0,0.0,0.0086,0.0,0.0,0.0,0.0,0.0,0.0,0.0099,0.0,0.0,0.0,0.0192,0.0,0.0
211,0.0,0.0,0.0,0.0,0.0122,0.0,0.0,0.0,0.0,0.0,0.0,0.0,0.0,0.0,0.0,0.0,0.0
212,0.021,0.0,0.1838,0.1092,0.0,0.0,0.0,0.0,0.0,0.0,0.0,0.0,0.0,0.0,0.0,0.0195,0.0
213,0.0,0.0,0.0,0.0,0.0,0.0,0.0,0.0,0.0,0.0,0.0,0.0,0.0,0.0,0.0,0.0,0.0
214,4.2629,0.0,0.0099,0.0,0.943,0.6947,0.0,0.0,0.0,0.0,0.0,0.0,0.0,0.0,0.0,0.0,0.0
215,0.0,0.0,0.0,0.0,0.0,0.0,0.0018,0.0,0.0,0.0,0.0,0.0,0.0,0.0,0.0,0.0,0.0
216,0.0,0.0,0.0,0.0,0.0,0.0,0.0,0.0037,0.006,0.0,0.0099,0.0,0.0277,0.0,0.0,0.0,0.0
217,0.0,0.0,0.0,0.0,0.0,0.0,77.6783,0.0,0.0,0.0,0.0,0.0,0.0,0.0,0.0,0.0,0.0
218,0.0,0.0,0.0,0.0,0.0,0.0,1.506,0.0,0.0,0.0123,0.0,0.0,0.0,0.0,0.0,0.0,0.0
219,0.0,0.0,0.0,0.0,0.0,0.0,0.0,0.0,0.0,0.0,0.0,0.0,0.0,0.0,0.0,0.0,0.0
220,0.0,0.0,0.0,0.0,0.0,0.0,1.2288,0.0,0.0,0.0,0.0,0.0,0.0,0.0,0.0,0.0,0.0
221,0.0,0.0,0.0,0.0,0.0,0.0,0.0018,0.0,0.0,0.0,0.0,0.0,0.0,0.0,0.0,0.0,0.0
222,0.0,0.0,0.0,0.0,0.0,0.0,0.0,0.0,0.0,0.0,0.0,0.0,0.0,0.0,0.0,0.0,0.0
223,0.0,0.0,0.0,0.0,0.0049,0.0,0.0,0.0,0.0,0.0,0.0,0.0,0.0,0.0,0.0,0.0,0.0
224,0.0,0.0,0.0,0.0,0.0,0.0,0.0,0.0018,0.003,0.0,0.0,0.0,0.0,0.0,0.0,0.0,0.0
225,0.0,0.0,0.0,0.0,0.0,0.0,0.0,0.0,0.0,0.0,0.0,0.0,0.0,0.0,0.0,0.0,0.0
226,0.924,0.0,0.0,0.0,0.0,0.0397,0.0,0.0074,0.0119,0.0123,0.1087,0.0,0.0017,0.0,0.0192,0.0,0.0
227,0.0,0.0,0.0,0.0,0.022,0.1389,0.0,0.0,0.0,0.0,0.0,0.0,0.0,0.0,0.0,0.0,0.0
228,0.0,0.0,0.0,0.0,0.0,0.0,0.0,0.0018,0.0,0.0,0.0,0.0,0.0,0.0,0.0,0.0,0.0
229,1.008,0.0,0.1242,0.0029,0.9259,0.8535,0.0,0.0018,0.0,0.0,0.0691,0.0035,0.0185,0.55,0.0,0.0,0.0
230,0.0,0.0,0.0,0.0057,0.0,0.0,0.0018,0.1785,0.0536,0.4542,0.0,0.0,2.0387,0.0,0.0384,0.0,0.0053
231,0.0,0.0,0.0,0.0029,0.0,0.0,0.0,0.0,0.0089,0.0,0.0,0.0,0.0,0.0,0.0,0.0,0.0
232,0.0,0.0,0.0,0.0144,0.0,0.0,0.0,0.0037,0.0447,0.0246,0.0296,0.0,0.0,0.0,0.0192,0.0,0.0
233,0.0,0.0,0.0,0.0,0.0,0.0,0.0,0.0,0.0,0.0,0.0,0.0,0.0,0.0,0.0,0.0,0.0
234,0.0,0.0,0.0,0.0029,0.0,0.0,0.0,0.0,0.0,0.0,0.0,0.0,0.0,0.0,0.0192,0.0,0.0
235,0.0,0.0,0.1887,0.0057,0.0,0.0,0.0,0.0,0.0,0.0,0.0,0.0,0.0008,0.0,0.0,0.0195,0.0
236,0.0,0.0,0.2682,0.0,0.0,0.0,0.0,0.0,0.0,0.0,0.0,0.0,0.0,0.0,0.0,0.0,0.0
237,0.0,0.0,0.0,0.092,0.0,0.0,0.0,1.2755,0.1935,0.0982,0.1976,0.0,0.2573,0.81,0.1153,0.0,0.0
238,0.0,0.0,0.0,0.0,0.0,0.0,0.0,0.0,0.0,0.0,0.0,0.0,0.0,0.0,0.0,0.0,0.0
239,0.0,0.0,0.0,0.0,0.0,0.0,0.0,0.0,0.0,0.0,0.0,0.0,0.0,0.0,0.0,0.0,0.0
240,0.0,0.0,0.0,0.0,0.0,0.0,0.0,0.0,0.0,0.0,0.0,0.0,0.0,0.0,0.0,0.0,0.0
241,0.0,0.0,0.0,0.0,0.0,0.0,0.0,0.0,0.0,0.0,0.0099,0.0,0.0,0.0,0.0,0.0,0.0
242,0.0,0.0,0.0,0.0,0.0,0.0,0.0,0.0,0.0,0.0,0.0,0.0,0.0,0.0,0.0,0.0,0.0
243,0.0,0.0,0.0,0.0,0.0,0.0,0.0,0.0,0.0,0.0,0.0,0.0,0.0,0.0,0.0,0.0,0.0
244,0.0,0.0,0.0,0.0,0.0,0.0,0.0,0.0,0.0,0.0,0.0,0.0,0.0,0.0,0.0,0.0,0.0
245,3.3599,0.37,0.2284,0.1294,0.0122,0.0397,0.0,0.5006,0.7532,0.3928,0.0593,14.4039,0.966,0.0,0.2113,0.0,0.0
246,0.0,0.0,0.0,0.0,0.0,0.0,0.0,0.0,0.0,0.0,0.0,0.0,0.0,0.0,0.0,0.0,0.0
247,0.0,0.0,0.0,0.0057,0.0,0.0,0.0,0.0,0.0,0.0,0.0,0.0,0.0,0.0,0.0,0.0,0.0
248,0.0,0.0,0.0,0.0029,0.0,0.0,0.0,0.0,0.0119,0.0,0.0,0.0,0.0,0.0,0.0,0.0,0.0
249,0.0,0.0,0.0,0.0,0.0,0.0,0.0,0.0,0.0,0.0,0.0,0.0,0.0,0.0,0.0,0.0,0.0
250,0.0,0.0,0.0,0.0,0.0073,0.0,0.0,0.0,0.0,0.0,0.0,0.0,0.0,0.0,0.0,0.0,0.0
251,0.0,0.0,0.0,0.0029,0.0,0.0,0.0,0.3037,0.262,0.2578,0.0,0.0,0.0,0.0,0.0192,0.0,0.0
252,0.0,0.0,0.0,0.0,0.0,0.0,0.0,0.0,0.0,0.0,0.0,0.0,0.0,0.0,0.0,0.0,0.0
253,0.0,0.0,0.0,0.0,0.0,0.0,0.0,0.0,0.0,0.0,0.0494,0.0,0.0,0.0,0.0,0.0,0.0
254,0.0,0.0,0.0,0.1725,0.0,0.0,0.0,0.3276,0.39,0.2455,0.0,0.0,0.0942,0.0,0.0192,0.127,3.5622
255,0.0,0.0,0.0,0.0,0.0,0.0,0.0,0.2411,2.9356,0.2455,0.0,0.0,0.0,0.0,0.0,0.0,0.0
256,0.0,0.0,0.0,0.0,0.0,0.0,0.0,0.0,0.0,0.0,0.0,0.0,0.0,0.0,0.0,0.0,0.0
257,0.0,0.0,0.0,0.0,0.0,0.0,0.0,0.0,0.0,0.0,0.0,0.0017,0.0,0.0,0.0,0.0,0.0
258,0.0,0.0,0.0,0.0,0.0,0.0,0.0,0.0,0.0,0.0,0.0,0.0,0.0,0.0,0.0,0.0,0.0
259,0.0,0.0,0.0,0.0,0.0,0.0,0.0,0.0,0.0,0.0,0.0,0.0,0.0,0.0,0.0,0.0,0.0
260,0.0,0.0,0.0,0.0029,0.0,0.0,0.0,0.0,0.0,0.0,0.0099,0.0,0.0193,0.0,0.0,0.0,0.0
261,0.0,0.0,0.0,0.0,0.0,0.0,0.0,0.0,0.0,0.0,0.0,0.0,0.0,0.0,0.0,0.0,0.0
262,0.0,0.0,0.0,0.0,0.0,0.0,0.0371,0.0,0.0,0.0,0.0,0.0,0.0,0.0,0.0,0.0,0.0
263,0.0,0.0,0.0,0.0115,0.0,0.0,0.0,0.0,0.0,0.0,0.0395,0.0,0.0,0.0,0.0,0.0,0.0
264,0.0,0.0,0.0,0.0,0.0,0.0,0.0,0.0,0.0,0.0,0.0,0.0,0.0412,0.0,0.0,0.0,0.0
265,0.042,0.0,0.0,0.0086,0.0,0.0,0.0,0.0184,0.0089,0.0,0.0,0.0,0.0,0.0,0.0576,0.0,0.0
266,0.0,0.0,0.0,0.0144,0.0,0.0,0.0,0.0,0.0,0.0,0.0,0.0,0.0109,0.0,0.0,0.0,0.0
267,0.126,0.0,0.0,0.0172,0.0024,0.0,0.0,0.0037,0.0,0.0,0.9878,0.0,0.0,0.0,0.0,0.0,0.0
268,0.0,0.0,0.0,0.0029,0.0,0.0,0.0,0.0,0.0,0.0,0.0,0.0,0.0,0.0,0.0,0.0,0.0
269,9.1138,0.0,2.0759,0.046,3.9185,1.1909,2.8496,0.0018,0.003,0.0,0.0198,0.0,0.0008,0.0,0.0192,0.0,0.0
270,1.533,0.0,13.0562,24.1864,1.2581,1.3299,0.0,0.3626,0.4377,1.9642,1.1952,0.0,0.5633,0.0,3.4966,0.0,0.0
271,5.2709,0.0,1.3955,3.079,0.0928,0.2779,0.0,0.7602,1.2237,0.7488,0.1087,0.0,0.7054,0.0,3.8232,0.0,0.0
272,0.0,0.0,0.0,0.0,0.0,0.0,0.0,0.0,0.0,0.0,0.0099,0.0,0.0,0.0,0.0,0.0,0.0
273,0.0,0.0,0.0,2.5213,0.0293,0.0198,0.0,0.1951,0.1459,0.0982,0.0,0.0,0.0,0.0,0.0576,0.0,0.0
274,0.0,0.0,0.0,0.0,0.0,0.0,0.0,0.0,0.0,0.0,0.2469,0.0,0.0,0.0,0.0,0.0,0.0
275,0.0,0.0,0.0,0.0,0.0,0.0,0.0,0.0,0.0,0.0,0.0395,0.0,0.0,0.0,0.0,0.0,0.0
276,0.0,0.0,0.0,0.0,0.0,0.0,0.0,0.0018,0.0119,0.0,0.0395,0.0,0.0092,0.0,0.0,0.0,0.0
277,0.0,0.0,0.0,0.0,0.0,0.0,0.0,0.0,0.0,0.0,0.0,0.0,0.0,0.0,0.0,0.0,0.0
278,0.0,0.0,0.0,0.0,0.0,0.0,0.0,0.0,0.0,0.0,0.0,0.0,0.0,0.0,0.0,0.0,0.0
279,0.0,0.0,0.0,0.0057,0.0,0.0,0.0018,0.0184,0.1489,0.0491,0.0,0.0,0.0008,0.0,0.0,0.0,0.0
280,0.0,0.0,0.0149,0.0,0.0,0.0,0.0,0.0,0.0,0.0,0.0,0.0,0.0984,0.0,0.0,0.0,0.0
281,0.0,0.0,0.0348,0.0115,0.0,0.0,0.0,0.2025,0.3037,0.3806,0.0198,0.0,0.0,0.0,0.0,27.1986,0.0053
282,0.0,0.0,0.0,0.0,0.0,0.0,0.0,0.0,0.0,0.0,0.0,0.0,0.0,0.0,0.0,0.0,0.0
283,0.0,0.0,0.0,0.0,0.0,0.0,0.0,0.0,0.0,0.0,0.0,0.0,0.1791,0.0,0.0,0.0,0.0
284,0.042,0.0,0.0,0.0086,0.0,0.0,0.0,0.0055,0.003,0.0368,0.0,0.0,0.0,0.0,0.0,0.0,0.0
285,0.0,0.0,0.0,0.0,0.0,0.0,0.0,0.0037,0.0,0.0246,0.0099,0.0,0.0067,0.0,0.0,0.0,0.0
286,0.0,0.0,0.0,0.0,0.0,0.0,0.0,0.011,0.006,0.0368,0.0,0.0,0.0,0.0,0.0,0.0147,0.0
287,0.0,0.0,0.0,0.0,0.0,0.0,0.0,0.0,0.0,0.0,0.0,0.0,0.0,0.0,0.0,0.0,0.0
288,0.0,0.0,0.0,0.0,0.0,0.0,0.0,0.0,0.0,0.0,0.0,0.0,0.0,0.0,0.0,0.0,0.0
289,0.0,0.0,0.0,0.0,0.0,0.0,0.0,0.0,0.0,0.0,0.0,0.0,0.0,0.0,0.0,0.0,0.0
290,0.0,0.0,0.0,0.0,0.0,0.0,0.0,0.0,0.0,0.0,0.0,0.0,0.0,0.0,0.0,0.0,0.0
291,0.0,0.0,0.0,0.0,0.0,0.0,0.0,0.0,0.0,0.0,0.0,0.0,0.0,0.0,0.0,0.0,0.0
292,0.0,0.0,0.0,0.0,0.0,0.0,0.0,0.035,0.0417,0.577,0.0,0.0,0.0,0.0,0.0,0.0,0.0
293,0.0,0.0,0.0,0.0,0.0,0.0,0.0,0.0,0.0,0.0,0.0,0.0,0.0,0.0,0.0,0.0,0.0
294,0.0,0.0,0.0,0.0,0.0,0.0,0.0,0.0,0.0,0.0,0.0,0.0,0.0,0.0,0.0,0.0,0.0
295,0.0,0.0,0.0,0.0,0.0,0.0,0.0,0.0,0.0,0.0,0.0,0.0,0.0,0.0,0.0,0.0,0.0
296,0.063,0.0,0.0,0.0,0.0562,0.0,0.0,0.0055,0.0,0.0,0.0,0.0017,1.5645,0.0,0.0,0.0,0.0
297,0.0,0.0,0.0,0.0,0.0,0.0,0.0,0.0,0.0,0.0,0.0,0.0,0.0,0.0,0.0,0.0,0.0
298,0.0,0.0,0.0,0.0,0.0,0.0,0.0,0.0,0.0,0.0,0.0,0.0,0.0,0.0,0.0,0.0,0.0053
299,0.0,0.0,0.0497,0.0,0.0,0.0,0.0,0.0037,0.006,0.0,0.0889,0.0,0.0101,0.0,0.0,0.0,0.0
300,0.021,0.0,0.0,0.0,0.0049,0.0397,0.0,0.0,0.003,0.0,0.0,0.0,0.0,0.0,0.0,0.0,0.0
301,0.0,0.0,0.0,0.0,0.0,0.0,0.0,0.0,0.0,0.0,0.0,0.0,0.0,0.0,0.0,0.0,0.0
302,0.0,0.0,0.0,0.0,0.0,0.0,0.0,0.0,0.0,0.0,0.0,0.0,0.0,0.0,0.0,0.0,0.0
303,0.0,0.0,0.0,0.0,0.0,0.0,0.023,0.0,0.0,0.0,0.0,0.0,0.0,0.0,0.0,0.0,0.0
304,0.0,49.58,21.618,0.1955,0.0,0.0,0.0,1.0436,0.3037,0.3069,0.0296,0.0017,0.6314,0.0,0.1345,0.0,0.0
305,0.0,0.0,0.0149,0.0431,0.1099,0.0992,0.0,0.0018,0.006,0.0123,0.0296,0.0,0.0008,0.0,0.0961,0.0,0.0
306,0.0,0.0,0.0,0.0029,0.0,0.0,0.0,0.3497,0.1727,0.5279,0.1383,0.0,0.0,0.0,0.0768,0.0,0.0
307,0.0,0.0,0.0,0.0,0.0,0.0,0.0,0.0,0.0,0.0,0.0,0.0,0.0,0.0,0.0,0.0,0.0
308,0.0,0.0,0.0,0.0,0.0,0.0,0.0,0.0037,0.003,0.0123,0.0,0.0,0.0,0.0,0.0,0.0,0.0
309,0.0,0.0,0.0,0.0,0.0,0.0,0.0,0.0,0.0,0.0,0.0,0.0,0.0017,0.0,0.0,0.0,0.0
310,0.0,0.0,0.0,0.0,0.0,0.0,0.0,0.0,0.0,0.0,0.0,0.0,0.0,0.0,0.0,0.0,0.0
311,0.0,0.0,0.0,0.0,0.0,0.0,0.0,0.0,0.0,0.0,0.0,0.0,0.0,0.0,0.0,0.0,0.0
312,0.0,0.0,0.0,0.0,0.0024,0.0,0.0,0.0,0.0,0.0,0.0,0.0,0.227,0.0,0.0,0.0,0.0
313,0.0,0.0,0.0,0.0,0.0,0.0,0.0018,0.0,0.0,0.0,0.0,0.0,0.0,0.0,0.0,0.0,0.0
314,0.0,0.0,0.0,0.0,0.0,0.0,0.0,0.0,0.0,0.0,0.0,0.0,0.0,0.0,0.0,0.0,0.0
315,0.0,0.0,2.6073,0.2472,0.0,0.0,0.0,0.0828,1.2296,0.0368,0.0,0.0,0.0126,0.0,0.0192,0.0049,0.0
316,0.0,0.0,0.0,0.0172,0.0,0.0,0.0,0.0331,0.0357,0.0123,0.0099,0.0,0.0,0.0,0.0768,0.0,0.0
317,0.0,0.0,0.0,0.0,0.0,0.0,0.0,0.0018,0.0,0.0,0.0,0.0,0.0,0.0,0.0,0.0,0.0
318,0.0,0.0,0.0,0.0,0.0,0.0,0.0,0.0,0.006,0.0,0.0,0.0,0.0,0.0,0.0,0.0,0.0
319,0.0,0.0,0.0,0.0805,0.0,0.0,0.0,0.0,0.003,0.0,0.0198,0.0,0.0,0.0,0.0192,0.0,0.0
320,0.0,0.0,0.0,0.0,0.0,0.0,0.0,0.0,0.0,0.0,0.0,0.0,0.0025,0.0,0.0,0.0,0.0
321,0.0,0.0,0.0,0.0,0.0,0.0,0.0,0.0,0.006,0.0,0.0,0.0,0.1404,0.0,0.0,0.0,0.0
322,0.063,0.0,0.005,0.0,12.0902,25.1687,0.0,0.0,0.0,0.0,0.0099,0.0,0.0,0.0,0.0,0.0,0.0
323,0.441,0.0,0.2582,0.0374,0.1026,0.0198,0.0,1.8461,0.134,0.221,0.0494,0.0,0.0,0.0,0.0576,0.2052,0.0
324,0.0,0.0,0.0,0.0,0.0049,0.0198,0.0,0.0,0.0,0.0,0.0,0.0,0.0,0.0,0.0,0.0,0.0
325,0.0,0.0,0.0,0.0,0.0,0.0,0.0,0.0037,0.0,0.0,0.0,0.0,0.0,0.0,0.0,0.0,0.0
326,0.0,0.0,0.0,0.0,0.0,0.0,0.0018,0.0,0.0,0.0,0.0,0.0,0.0,0.0,0.0,0.0,0.0
327,0.063,0.0,0.0,0.0201,0.0391,0.0198,0.0,0.0,0.0,0.0,0.0,0.0,0.0,0.58,0.0,0.0,0.0
328,0.0,0.0,0.0,0.0029,0.0,0.0,0.0,0.0,0.0,0.0,0.0,0.0,0.0,0.0,0.0,0.0,0.0053
329,0.294,1.76,0.0,0.0,0.0,0.0,0.0,0.0166,0.0089,0.0123,0.0,0.0,0.0,0.0,0.0,0.0,0.0
330,0.147,0.0,0.0,0.0,0.0,0.0,0.0,0.3203,0.0089,0.0,0.0,0.0,0.0034,0.0,0.0,0.0,0.0
331,0.0,0.0,0.0,0.0029,0.0,0.0,0.0,0.0037,0.0089,0.0,0.0,0.0,0.0,0.0,0.0,0.0,0.0
332,0.0,0.0,0.005,0.0,0.0,0.0,0.0,0.0,0.003,0.0,0.0,0.0,0.0,0.0,0.0,0.0,0.0
333,0.0,0.0,0.0,0.0,0.0,0.0,0.0,0.0,0.0,0.0,0.0,0.0,0.0,0.0,0.0,0.0,0.0
334,0.0,0.0,0.0099,0.0719,0.0,0.0,0.0,0.0037,0.0,0.0,0.0,0.0,0.0,0.0,0.0384,0.0,0.0
335,0.0,0.0,0.005,0.0115,0.0,0.0,0.0,0.0018,0.003,0.0,0.0,0.0,0.0,0.0,0.0,0.0,0.0
336,0.0,0.0,0.0,0.0,0.0464,4.5256,0.0,0.0,0.0,0.0,0.0,0.0,0.0,0.0,0.0,0.0,0.0
337,0.0,0.0,0.0,0.0287,0.0,0.0,0.0,0.0129,0.006,0.0123,0.0,0.0,0.0,0.0,0.0,0.0,0.0053
338,0.0,0.0,0.0,0.0,0.0,0.0,0.0,0.0,0.0,0.0,0.0,0.0,0.0017,0.0,0.0,0.0,0.0
339,1.365,0.0,0.0,0.0057,0.0,0.0,0.0,0.0,0.0,0.0,0.0,0.0,0.2455,0.0,0.0,0.0,0.0
340,0.0,0.0,0.0,0.0,0.0,0.0,0.0,0.0,0.0,0.0,0.0,0.0,0.0,0.0,0.0,0.0,0.0
341,0.0,0.0,0.0,0.0,0.6059,0.2977,0.0,0.0,0.0,0.0,0.0,0.0,0.0,0.0,0.0,0.0,0.0318
342,0.0,0.0,0.0,0.0,0.0,0.0,0.0,0.0,0.0,0.0,0.0,0.0,0.0,0.0,0.0,0.0,0.0
343,0.147,0.0,0.0,0.0,0.0,0.0,0.0,0.0,0.0,0.0,0.0,0.0,0.0,0.0,0.0,0.0,0.0
344,0.378,0.0,0.0,0.2214,0.0,0.0,0.0,0.0074,0.0863,0.0368,0.0,0.0017,0.0933,0.0,0.1537,0.0,0.0
345,0.0,0.0,0.0,0.0,0.0,0.0,0.0018,0.0,0.0,0.0,0.0,0.0,0.0,0.0,0.0,0.0,0.0
346,0.0,0.0,0.0,0.0,0.0,0.0,0.0,0.0,0.0,0.0,0.0,0.0,0.0042,0.0,0.0,0.0,0.0053
347,0.0,0.0,0.0,0.0,0.0,0.0,0.0,0.0,0.0,0.0,0.0,0.0,0.0,0.0,0.0,0.0,0.0
348,0.0,0.0,0.0,0.0,0.0,0.0,0.0,0.0,0.0,0.0,0.0,0.0,0.0,0.0,0.0,0.0,0.0
349,0.0,0.0,0.0,0.023,0.0,0.0,0.0,0.2338,0.137,0.7979,0.0,0.0,0.1034,0.0,0.0,0.0,0.0
350,0.0,0.0,0.0,0.0,0.0,0.0,0.0,0.0,0.0,0.0123,0.0,0.0,0.0,0.0,0.0,0.0,0.0
351,0.63,0.0,0.0,0.0661,0.0,0.0,0.0,0.5062,0.5687,0.4297,0.0,0.0,0.0017,0.0,0.0768,0.0,0.0
352,0.0,0.0,0.0,0.0144,0.0,0.0,0.0,0.0,0.0,0.0,0.0099,0.0,0.0,0.0,0.0192,0.0049,0.0
353,0.0,0.0,0.0,0.0,0.0,0.0,0.0,0.0,0.0,0.0,0.0,0.0,0.0008,0.0,0.0,0.0,0.0
354,0.021,0.0,0.0,0.0,0.022,0.0198,5.5067,0.0,0.0208,0.0246,0.0,0.0,22.0584,0.0,0.0,0.9429,28.889
355,0.0,0.0,0.0,0.0,0.0,0.0,0.0,0.0,0.0,0.0,0.0,0.0,0.0,0.0,0.0,0.0,0.0
356,0.0,0.0,0.0,0.0057,0.0,0.0,0.0,0.0055,0.006,0.0,0.0,0.0,0.0,0.0,0.0384,0.0,0.0
357,0.0,0.0,0.0,0.0029,0.0,0.0,0.0,0.0,0.0,0.0,0.0,0.0,0.0,0.0,0.0,0.0,0.0
358,0.0,0.0,0.0,0.0,0.0,0.0,0.0,0.0,0.0,0.0,0.0,0.0,0.0,0.0,0.0,0.0,0.0
359,0.0,0.0,0.005,0.0,0.0,0.0,0.0,0.0,0.0,0.0,0.0,0.0,0.0,0.0,0.0,0.0,0.0
360,0.0,0.0,0.0199,0.0,0.0,0.0,0.0,0.0,0.0,0.0,0.0,0.007,0.0,0.0,0.0,0.0,0.0
361,0.0,0.0,0.0,0.0,0.0,0.0,0.0,0.0,0.0,0.0,0.0,0.0,0.0,0.0,0.0,0.0,0.0
362,0.0,0.0,0.0,0.0201,0.0,0.0,0.0,0.0018,0.003,0.0,0.0,0.0,0.0,0.0,0.0,0.0,0.0
363,0.0,0.0,0.0,0.0,0.0,0.0,0.0,0.0,0.0,0.0,0.0,0.0,0.0,0.0,0.0,0.0,0.0
364,0.0,0.0,0.0,0.0057,0.0,0.0,0.0,0.0,0.0,0.0,0.0,0.0,0.0,0.0,0.0,0.0,0.0
365,0.0,0.0,0.0099,0.0,0.0,0.0,0.0,0.0,0.0,0.0,0.0,0.0,0.0,0.0,0.0,0.0,0.0
366,0.0,0.0,0.0,0.0,0.0,0.0,0.0,0.0,0.0,0.0,0.0,0.0,0.0,0.0,0.0,0.0,0.0
367,0.0,0.0,0.0,0.0,0.0,0.0,0.0,0.0,0.0,0.0,0.0,0.0,0.0,0.0,0.0,0.0,0.0
368,0.0,0.0,0.0,0.0029,0.0,0.0,0.0,0.0,0.0,0.0,0.0,0.0,0.0,0.0,0.0192,0.0,0.0
369,0.0,0.0,0.0,0.0029,0.0,0.0,0.0,0.0,0.003,0.0,0.0,0.0,0.0,0.0,0.0,0.0,0.0
370,0.0,0.0,0.0,0.0029,0.0,0.0,0.0,0.0055,0.006,0.0,0.1482,0.0,0.0,0.0,0.0,0.0,0.0
371,0.084,0.0,0.0,0.9573,0.1075,0.0397,0.0,0.0055,0.0089,0.0,0.9384,0.0,0.9021,0.71,1.3641,0.0635,0.0053
372,0.0,0.0,0.0,0.0057,0.0,0.0,0.0,0.0,0.0,0.0,0.0,0.0,0.0,0.0,0.0,0.0,0.0
373,0.0,0.0,0.0,0.0,0.0,0.0,0.0,0.0,0.0,0.0,0.0,0.0,0.0,0.0,0.0,0.0,0.0
374,0.0,0.0,0.0,0.0,0.0,0.0,0.0,0.0,0.0,0.0,0.0,0.0,0.0,0.0,0.0,0.0,0.0
375,0.0,0.0,0.0,0.069,0.0024,0.0198,0.0,9.5472,1.5958,0.6875,0.0198,0.0,0.0,0.0,0.1537,0.0098,0.0053
376,0.021,0.0,0.0,0.0086,0.0,0.0,0.0,0.0,0.0,0.0,0.0,0.0,0.0,0.0,0.0576,0.0,0.0
377,0.0,0.0,0.0,0.0,0.0,0.0,0.0,0.0,0.0,0.0123,0.0,0.0,0.0,0.0,0.0,0.0,0.0
378,0.0,0.0,0.0,0.0,0.0,0.0,0.0,0.0,0.0,0.0,0.0198,0.0,0.0,0.0,0.0,0.0,0.0
379,0.0,0.0,0.0,0.0,0.0,0.0,0.0,0.0129,0.0387,0.0123,0.0,0.0,0.0,0.0,0.0,0.0,0.0
380,0.0,0.0,0.0,0.0,0.0,0.0,0.0,0.0,0.0,0.0,0.0,0.0,0.0,0.0,0.0,0.0,0.0
381,0.0,0.0,0.0,0.0,0.0,0.0,0.0,0.0,0.0,0.0,0.0,0.0,0.0,0.0,0.0,0.0,0.0
382,0.0,0.0,0.0,0.0,0.0,0.0,0.0,0.0,0.0,0.0,0.0,0.0,0.0,0.0,0.0,0.0,0.0
383,0.0,0.0,0.0,0.0,0.0,0.0,0.0,0.0,0.0,0.0,0.0,0.0,0.0252,0.0,0.0,0.0,0.0
384,0.0,0.4,0.0,0.0,0.0,0.0,0.0,0.0,0.0,0.0,0.0198,0.0,0.0,0.0,0.0,0.0,0.0
385,0.0,0.0,0.0,0.0,0.0,0.0,0.0,0.0,0.0,0.0,0.0,0.0,0.0,0.0,0.0,0.0,0.0
386,0.0,0.0,0.0,0.0,0.0171,0.0,0.0,0.0,0.0089,0.0,0.0,0.0,0.0,0.0,0.0,0.0,0.0
387,0.0,0.0,0.0,0.0,0.0073,0.0,0.0,0.0,0.0,0.0,0.0,0.0,0.0,0.0,0.0,0.0,0.0
388,0.0,0.0,0.0,0.0,0.0,0.0,0.0,0.0055,0.0149,0.0,0.0,0.0,0.0,0.0,0.0,0.0,0.0
389,0.0,0.0,0.0,0.0,0.0122,0.0,0.0,0.0,0.0,0.0,0.0,0.0,0.0,0.0,0.0,0.0,0.0
390,0.0,0.0,0.0,0.0,0.0,0.0,0.0,0.0018,0.0,0.0,0.0,0.0,0.0008,0.0,0.0,0.0,0.0
391,0.0,0.0,0.2384,0.0,0.0,0.0,0.0,0.0,0.0,0.0,0.0,0.0,0.0,0.0,0.0,0.0,0.0
392,0.0,0.0,0.0,0.0115,0.0,0.0,0.0,0.0,0.0,0.0,0.0,0.0,0.0,0.0,0.0,0.0,0.0
393,0.0,0.0,0.0646,0.0,0.044,0.0,0.0,0.0,0.0,0.0,0.0,0.0,0.211,0.0,0.0,0.0,0.0
394,0.0,0.0,0.0,0.0,0.0,0.0,0.0,0.0,0.0,0.0,0.0,0.0,0.0,0.0,0.0,0.0,0.0
395,0.0,0.0,0.0,0.0029,0.0,0.0,0.0,0.0018,0.0,0.0,0.0,0.0,0.0,0.0,0.0,0.0,0.0
396,0.0,0.0,0.0,0.0,0.0,0.0,0.0,0.0,0.0,0.0,0.0,0.0,0.0,0.0,0.0,0.0,0.0
397,0.0,0.0,0.0,0.0,0.0,0.0,0.0,0.0,0.0,0.0,0.0,0.0,0.0017,0.0,0.0,0.0,0.0
398,0.0,0.0,0.0,0.0,0.0,0.0,0.0,0.0,0.0,0.0,0.0,0.0017,0.0,0.0,0.0,0.0,0.0
399,0.0,0.0,0.0,0.0,0.0,0.0,0.0,0.0,0.0,0.0,0.0,0.0,0.0,0.0,0.0,0.0,0.0
400,0.0,0.0,0.0,0.0,0.0,0.0,0.0,0.0,0.0,0.0,0.0,0.0035,0.0042,0.0,0.0,0.0,0.0
401,0.0,0.0,0.0,0.0,0.0,0.0,0.0,0.0,0.003,0.0,0.0,0.0,0.0,0.0,0.0,0.0,0.0
402,0.0,0.0,0.0,0.0,0.0,0.0,0.0,0.0,0.0,0.0,0.0,0.0035,0.0135,0.0,0.0,0.0,0.0
403,0.0,0.0,0.0,0.0,0.0,0.0,0.0,0.0,0.0,0.0,0.0,0.0,0.0,0.0,0.0,0.0049,0.0
404,0.126,0.0,0.0,0.0,0.0,0.0,0.0,0.0092,0.0089,0.0,0.0,0.0,0.0,0.0,0.0192,0.0,0.0
405,0.0,0.0,0.0,0.0,0.0,0.0,0.0,0.0,0.0,0.0,0.0,0.0,0.5296,0.0,0.0,0.0,0.0
406,0.0,0.0,0.0,0.0,0.0,0.0,0.0,0.0,0.0,0.0,0.0,0.0,0.0,0.0,0.0,0.0,0.0
407,0.0,0.0,0.0,0.0,0.0,0.0,0.0,0.0,0.0,0.0,0.0,0.0,0.0,0.0,0.0,0.0,0.0
408,0.168,0.0,0.0,0.0259,3.4666,3.156,0.0,0.0074,0.0506,0.0,0.0395,0.0,0.0,0.0,0.0,0.0,0.0688
409,0.0,0.0,0.0,0.0029,0.0,0.0,0.0,0.0,0.0,0.0,0.0,0.0,0.0,0.0,0.0,0.0,0.0
410,0.0,0.0,0.0,0.0,0.0,0.0,0.0,0.0018,0.0,0.0,0.0,0.0,0.0,0.0,0.0,0.0,0.0
411,0.0,0.0,0.0,0.0,0.0,0.0,0.0,0.0018,0.0,0.0,0.0,0.0,0.0,0.0,0.0,0.0,0.0
412,0.0,0.0,0.0,0.0,0.0,0.0,0.0,0.0,0.0,0.0,0.0,0.0,0.0,0.0,0.0,0.0,0.0
413,0.0,0.0,0.0,0.0,0.0,0.0,0.0,0.0,0.0,0.0,0.0,0.0,0.0,0.0,0.0,0.0,0.0
414,0.021,0.0,0.0695,0.0259,0.1246,4.8035,0.0,0.0018,0.0089,0.0,0.0099,0.0,0.0,0.0,0.0,0.0,0.0
415,0.0,0.0,0.0,0.0,0.0,0.0,0.0,0.0,0.0,0.0,0.0296,0.0,0.0,0.0,0.0,0.0098,0.0
416,0.0,0.0,0.0,0.0029,0.0,0.0,0.0,0.0018,0.0,0.0,0.0,0.0,0.0,0.0,0.0384,0.0,0.0
417,0.021,0.0,0.0,0.0,0.0,0.0,0.0,0.0055,0.003,0.0,0.0,0.0,0.0,0.0,0.0,0.0,0.0
418,0.0,0.0,0.0,0.0,0.0024,0.0,0.0,0.0,0.0,0.0,0.0,0.0,0.0008,0.0,0.0,0.0977,0.0476
419,0.0,0.0,0.0,0.0,0.0,0.0,0.0,0.0,0.0,0.0,0.0,0.0,0.0,0.0,0.0,0.0,0.0
420,0.0,0.0,0.0,0.0575,0.0,0.0,0.0,0.0,0.0,0.0,0.0,0.0,0.0025,0.0,0.1153,0.0,0.0
421,0.0,0.0,0.0,0.0057,0.0,0.0,0.0,0.0018,0.003,0.0,0.0,0.0,0.0076,0.0,0.0,0.0,0.0
422,0.0,0.0,0.0,0.0,0.0,0.0,0.0,0.0,0.0,0.0,0.0,0.0,0.0008,0.0,0.0,0.0,0.0
423,0.0,0.0,0.0,0.0029,0.0,0.0,0.0,0.0018,0.003,0.0,0.0,0.0,0.0,0.0,0.0,0.0,0.0
424,0.0,0.0,0.0,0.0029,0.0,0.0,0.0,0.0294,0.0179,0.0737,0.0,0.0,0.0,0.0,0.0,0.0049,0.0106
425,0.0,0.0,0.3377,0.138,0.0,0.0,0.0477,0.0018,0.0,0.0,0.1087,0.0,0.0,0.0,0.0576,0.0,0.0
426,0.0,0.0,0.0,0.0402,0.0,0.0,0.0,0.0074,0.0089,0.0246,0.0099,0.0,0.0,0.0,0.1153,0.0,0.0
427,0.0,0.0,0.0,0.0,0.0,0.0,0.0,0.0018,0.0,0.0,0.0,0.0,0.0,0.0,0.0,0.0,0.0
428,0.0,0.0,0.0,0.0,0.0,0.0,0.0,0.0037,0.0149,0.0737,0.0,0.0,0.0,0.0,0.0,0.0,0.0
429,0.0,0.0,0.0,0.0719,0.0,0.0,0.0,0.0663,0.0417,0.2823,6.3414,0.0,0.0,0.0,0.0768,0.0147,0.0053
430,0.0,0.0,0.0,0.2041,0.0147,0.0,0.0018,0.0037,0.0417,0.0123,0.0,0.0,0.0,0.0,0.269,0.215,0.0
431,0.0,0.0,0.0,0.0,0.0,0.0,0.0,0.0,0.0447,0.0,0.0,0.0,0.0,0.0,0.0,0.0,0.0
432,0.021,0.0,0.4271,0.0,0.0415,0.1588,0.0,0.0,0.0,0.0,0.0,0.0,0.0,0.0,0.0,0.0,0.0106
433,0.021,0.0,0.0,0.0,0.0,0.0,0.0,0.0,0.0,0.0,0.0,0.0,0.0,0.0,0.0,0.0,0.0
434,0.0,0.0,0.0,0.0,0.0,0.0,0.0,0.0,0.0,0.0,0.0099,0.0,0.0,0.0,0.0,0.0,0.0
435,0.0,0.0,0.0,0.0,0.0,0.0,0.0,0.0,0.0,0.0,0.0,0.0,0.0,0.0,0.0,0.0,0.0053
436,0.0,0.0,0.0,0.0,0.0,0.0,0.0,0.0,0.0,0.0,0.0,0.0,0.0,0.0,0.0,0.0,0.0
437,0.0,0.0,0.0,0.2386,0.0,0.0,0.0,0.2356,0.0893,0.5892,5.6006,0.0,0.0,0.0,0.3074,0.0,0.0
438,0.0,0.0,0.0,0.0,0.0,0.0,0.0,0.0,0.0,0.0,0.0,0.0,0.0,0.54,0.0,0.0098,0.0
439,0.0,0.0,0.0,0.0,0.0,0.0,0.0,0.0,0.0,0.0,0.0,0.0,0.0,0.0,0.0,0.0,0.0
440,0.0,0.0,0.0,0.0,0.0,0.0,0.0,0.0,0.0,0.0,0.0,0.0017,0.0227,0.0,0.0,0.0,0.0
441,0.0,0.0,0.0,0.0,0.0,0.0,0.0,0.0,0.0,0.0,0.0,0.0105,0.0,0.0,0.0,0.0,0.0
442,0.0,0.0,0.0,0.0,0.0,0.0,0.0,0.0,0.0,0.0,0.0,0.0,0.0,0.0,0.0,0.0,0.0
443,0.042,0.0,0.0,0.0172,0.0073,0.0198,0.0,0.0,0.0,0.0,0.0099,0.0,0.005,0.0,0.0192,0.0,0.0
444,0.0,0.0,0.0,0.0029,0.0,0.0,0.0,0.0,0.0,0.0,0.0099,0.0,0.0,0.0,0.0192,0.0,0.0
445,0.0,0.0,0.1589,0.046,0.0,0.0,0.0,0.219,0.2263,1.2767,0.0,0.007,0.0008,0.0,0.0961,0.0,0.0
446,0.0,0.0,0.0,0.0,0.0,0.0,0.0,0.0,0.0,0.0,0.0,0.0,0.0,0.0,0.0,0.0,0.0
447,0.0,0.0,0.0,0.0,0.0,0.0,0.0,0.0,0.0,0.0,0.0,0.0,0.005,0.0,0.0,0.0,0.0
448,0.0,0.0,0.0,0.0,0.0,0.0,0.0,0.0,0.0,0.0,0.0,0.0,0.0,0.0,0.0,0.0,0.0
449,0.0,0.0,0.0,0.0201,0.0,0.0,0.0,2.9045,30.892,2.5043,0.0099,0.0,0.0,0.0,0.0192,0.0,0.0
450,0.0,0.0,0.0,0.0,0.0,0.0,0.0,0.0,0.0,0.0,0.0,0.0,0.0,0.0,0.0,0.0,0.0
451,0.0,0.0,0.0,0.0,0.0,0.0,0.0,0.0166,0.1905,0.0123,0.0,0.0,0.0,0.0,0.0,0.0,0.0
452,0.0,0.0,0.0,0.0,0.0,0.0,0.0,0.0,0.0,0.0,0.0,0.0,0.0,0.0,0.0,0.0,0.0
453,0.0,0.0,0.0,0.0029,0.0,0.0,0.0,0.0,0.0,0.0,0.0,0.0,0.0,0.0,0.1537,0.0098,2.493
454,0.0,0.0,0.0,0.0,0.0,0.0,0.0,0.0,0.0,0.0,0.0,0.0,0.0,0.0,0.0,0.0,0.0
455,0.063,0.0,0.0,0.3162,2.399,0.1786,0.0,0.0018,0.0,0.0,0.0,0.0,0.0,0.0,0.5764,0.0,0.0106
456,0.273,0.0,0.0,0.0029,0.0147,0.0595,0.0,0.0,0.0,0.0,0.0,0.0,0.0437,0.0,0.0,0.2883,0.0
457,0.0,0.0,0.0,0.0,0.0,0.0,0.0,0.0,0.0,0.0,0.0,0.0,0.0,0.0,0.0,0.0,0.0
458,0.0,0.0,0.0,0.0,0.0,0.0,0.0,0.0,0.0,0.0,0.0,0.0,0.0,0.0,0.0,0.0,0.0
459,0.0,0.0,0.0,0.0029,0.0,0.0,0.0,0.0,0.0,0.0,0.0,0.0,0.0,0.0,0.0,0.0,0.0
460,0.0,0.0,0.0894,0.0,0.5008,0.0794,0.0,0.0018,0.0,0.0,0.0,0.0035,0.0,0.0,0.0,0.0,0.0
461,0.0,0.0,0.0,0.0,0.0,0.0,0.0,0.0,0.0,0.0,0.0,0.0,0.0,0.0,0.0,0.0,0.0
462,0.021,0.0,0.005,0.0201,0.0244,0.0397,0.0,2.1793,0.5984,0.9821,6.2031,0.0052,0.0521,0.0,0.0768,0.0,0.0
463,0.0,0.0,0.005,0.0,0.0,0.0,0.0,0.0,0.0,0.0,0.0,0.0,0.0,0.0,0.0,0.0,0.0
464,0.0,0.0,0.0,0.0,0.0,0.0,0.0,0.0,0.0,0.0,0.0,0.0,0.0,0.0,0.0,0.0,0.0
465,0.0,0.0,0.0,0.0,0.0,0.0,0.0018,0.0,0.0,0.0,0.0,0.0,0.0,0.0,0.0192,0.0,0.0
466,0.0,0.0,0.0,0.0,0.0,0.0,0.0018,0.0,0.0,0.0,0.0,0.0,0.0,0.0,0.0,0.0,0.0
467,0.0,0.0,0.0,0.1179,0.0,0.0,0.0,1.4522,0.259,0.1964,2.7262,0.0,0.005,0.0,0.3074,0.0,0.0
468,0.0,0.0,0.0,0.023,0.0,0.0,0.0,0.0,0.0,0.0,0.0,0.0,0.0,0.0,0.0,0.0,0.0
469,0.0,0.0,0.0,0.0029,0.0,0.0,0.0,0.0,0.0,0.0,0.0,0.0,0.0,0.0,0.0,0.0147,0.0106
470,0.0,0.0,0.0,0.0057,0.0171,0.655,0.0,0.0018,0.006,0.0,0.0988,0.0,0.0,0.0,0.0,0.0537,0.6299
471,0.084,0.0,0.0,0.0,0.2541,0.5558,0.0,0.0,0.0,0.0,0.0,0.0,0.0,0.0,0.0,0.0,0.0
472,0.0,0.0,0.0,0.0,0.0,0.0,0.0,0.0,0.0,0.0,0.0,0.0,0.0,0.0,0.0,0.0,0.0
473,0.0,0.0,0.0,0.0,0.0,0.0,0.0,0.0,0.0,0.0,0.0,0.0,0.0,0.0,0.0,0.0,0.0
474,0.063,0.0,0.005,0.0,0.0879,0.1191,0.0,0.0,0.0,0.0,0.0,0.0,0.0008,0.0,0.0,0.0,0.0
475,0.0,0.0,0.0,0.0029,0.0,0.0,0.0,0.0,0.0,0.0,0.0099,0.0,0.0,0.0,0.0192,0.0,0.0
476,0.0,0.0,0.0,0.0,0.0,0.0,0.0,0.0,0.0,0.0,0.0,0.0,0.0,0.0,0.0,0.0147,0.0
477,0.0,0.0,0.0,0.0,0.0,0.0,0.0,0.0018,0.0,0.0,0.0,0.0,0.0,0.0,0.0,0.0,0.0
478,0.0,0.0,0.0,0.0,0.0,0.0,0.0,0.0,0.0,0.0,0.0,0.0,0.0,0.0,0.0,0.0049,5.8434
479,0.0,0.0,0.0,0.0,0.0,0.0,0.0,0.0736,0.0595,0.7734,0.0,0.0,0.0,0.0,0.0,0.0,0.0
480,0.0,0.0,0.0,0.0086,0.0,0.0,0.0,0.0,0.003,0.0123,0.0,0.0,0.0,0.0,0.0768,0.0,0.0
481,0.0,0.0,0.0099,0.0057,0.0,0.0,0.0,0.0092,0.003,0.0,0.0198,0.0,0.0,0.0,0.0,0.0,0.0
482,0.0,0.0,0.0,0.0086,0.0,0.0,0.0,0.0,0.0,0.0,0.0099,0.0,0.0,0.0,0.0,0.0,0.0
483,0.0,0.0,0.0,0.0115,0.0,0.0,0.0,0.0,0.0,0.0,0.0494,0.0,0.0,0.0,0.0192,0.0,0.0
484,0.0,0.0,0.005,0.0575,0.0122,0.1588,0.0,0.0147,0.1042,0.0123,0.326,0.0,0.0025,0.0,0.0768,0.0049,0.0
485,0.0,0.0,0.0,0.0,0.0,0.0,0.0,0.0,0.0,0.0,0.0,0.0,0.0,0.0,0.0,0.0,0.0
486,0.0,0.43,0.0,0.0,0.0,0.0,0.0,0.0,0.0,0.0,0.0,0.0,0.0,0.0,0.0,0.0,0.0
487,0.0,0.0,0.0,0.0,0.0024,0.0,0.0,0.0,0.0,0.0,0.0,0.0,0.0,0.0,0.0,0.0,0.0
488,0.0,0.0,0.0,0.0,0.0,0.0,0.0,0.0902,0.0804,0.6629,0.0198,0.0,0.0,0.0,0.0,0.0,0.0
489,0.0,0.0,0.0,0.0,0.0,0.0,0.0,0.0,0.0,0.0,0.0,0.0,0.1101,0.0,0.0,0.0,0.0
490,0.0,0.0,0.0,0.023,0.0,0.0,0.0,0.0,0.0,0.0,9.3145,0.0,0.0008,0.0,0.1729,0.0,0.0
491,0.462,0.0,0.1192,0.4456,21.156,2.759,0.0,0.0939,0.2233,0.221,1.3532,3.3899,7.3419,57.39,3.3622,1.3973,0.0212
492,0.0,0.0,0.0,0.0,0.0,0.0,0.0,0.0,0.0,0.0,0.0,0.0,0.0,0.0,0.0,0.0,0.0
493,0.0,0.0,0.0,0.0,0.0,0.0,0.0,0.0,0.0,0.0,0.0,0.0,0.0025,0.0,0.0,0.0,0.0
494,0.0,0.0,0.0,0.0,0.0,0.0,0.0,0.0,0.0,0.0,0.0,0.0,0.0,0.0,0.0,0.0,0.0
495,0.063,0.0,0.005,0.0,0.0,0.0,0.0,0.0,0.003,0.0,0.0,0.0,0.0,0.0,0.0,0.0,0.0
496,0.0,0.0,0.0,0.0,0.0,0.0,0.0,0.0,0.0,0.0,0.0,0.0,0.0,0.0,0.0,0.0,0.0
497,0.0,0.0,0.0,0.0,0.0195,0.0397,0.0,0.0,0.0,0.0,0.0,0.0,0.0,0.0,0.0,0.0,0.0
498,0.0,0.0,0.0,0.0029,0.0,0.0,0.0,0.0,0.0,0.0,0.0,0.0,0.0,0.0,0.0,0.0,0.0
499,0.0,0.0,0.0,0.0,0.0,0.0,0.0,0.0,0.0,0.0,0.0,0.0,0.0,0.0,0.0,0.0,0.0
500,0.0,0.0,0.0,0.0029,0.0,0.0,0.0,0.0,0.0,0.0,0.0099,0.0,0.0,0.0,0.0192,0.0,0.0
501,0.0,0.0,0.0,0.0,0.0,0.0,0.0,0.0,0.0,0.0,0.0,0.0,0.0,0.0,0.0,0.0,0.0
502,0.0,0.0,0.0,0.0,0.0,0.0,0.0,0.0,0.0,0.0,0.0,0.0,0.0008,0.0,0.0,0.0,0.0
503,0.0,0.0,0.0,0.0,0.0,0.0,0.0,0.0074,0.1786,0.0,0.0,0.0,0.0,0.73,0.0,0.0,0.0
504,0.0,0.0,0.0447,0.0,0.0,0.0,0.0,0.0,0.0,0.0,0.0,0.0,0.0,0.0,0.0,0.0,0.0
505,0.0,0.0,0.0,0.0,0.0,0.0,0.0,0.0,0.0,0.0,0.0,0.0,0.0008,0.0,0.0,0.0,0.0
506,0.0,0.0,0.0099,0.0,0.0,0.0,0.0,0.0,0.0,0.0,0.0,0.0,0.0,0.0,0.0,0.0,0.0
507,0.0,0.0,0.0,0.0,0.0,0.0,0.0,0.0,0.0,0.0,0.0,0.0,0.0,0.0,0.0,0.0,0.0
508,0.0,0.0,0.0,0.0,0.0,0.0,0.0,0.0,0.0,0.0,0.0,0.0,0.0,0.0,0.0,0.0,0.0
509,0.0,0.0,0.0,0.0,0.0,0.0,0.0,0.0,0.0,0.0,0.0,0.0,0.0,0.0,0.0,0.0,0.0
510,0.0,0.0,0.0,0.0,0.0,0.0,0.0,0.0,0.0,0.0,0.0,0.0,0.0,0.0,0.0192,0.0,0.0
511,0.0,0.0,0.0,0.0,0.0,0.0,0.0,0.0,0.0,0.0,0.0,0.0,0.0,0.0,0.0,0.0,0.0
512,0.021,0.0,0.0,0.0,0.0073,0.1389,0.0,0.0,0.0,0.0,0.0,0.0,0.0,0.0,0.0,0.0,0.0
513,0.0,0.0,0.0,0.0,0.0,0.0,0.0,0.0,0.0,0.0,0.0,0.0,0.0,0.0,0.0,0.0,0.0106
514,0.021,0.0,0.0,0.0,0.0806,0.1191,0.0035,0.0,0.0,0.0,0.0,0.0,0.0,0.0,0.0192,0.0,0.0
515,0.0,0.0,0.0,0.0,0.0,0.0,0.0,0.0,0.0,0.0,0.0,0.0,0.0,0.0,0.0,0.0,0.0053
516,0.0,0.0,0.0,0.0,0.0,0.0,0.0,0.0,0.0,0.0,0.0,0.0,0.0,0.0,0.0,0.0,0.0
517,0.0,0.0,0.0,0.0,0.0,0.0,0.0,0.0,0.0,0.0,0.0,0.0,0.0,0.0,0.0,0.0,0.0
518,0.021,0.0,0.0,0.0,0.0,0.0,0.0406,0.0,0.0,0.0,0.0,0.0,0.0,0.0,0.0,0.0,0.0
519,0.0,0.0,0.0,0.0,0.0,0.0,0.0,0.0,0.0,0.0,0.0,0.0,0.0261,0.0,0.0,0.0,0.0
520,0.0,0.0,0.0,0.0,0.0,0.0,0.0,0.0,0.0,0.0,0.0,0.0,0.0,0.0,0.0,0.0,0.0
521,0.0,0.0,0.005,0.0,0.0,0.0,0.0,0.0,0.0,0.0,0.0,0.0,0.0,0.0,0.0,0.0,0.0
522,0.063,0.0,0.0,0.0057,0.0,0.0,0.0,0.0,0.0,0.0,0.0,0.0,0.0,0.0,0.0,0.0,0.0
523,0.0,0.0,0.0,0.0,0.0,0.0,0.0053,0.0,0.0,0.0,0.0,0.0,0.0,0.0,0.0,0.0,0.0
524,0.0,0.0,0.0,0.0,0.0,0.0,0.0,0.0,0.0,0.0,0.0,0.0,0.0,0.0,0.0,0.0,0.0
525,0.0,0.0,0.0,0.0,0.0,0.0,0.0,0.0,0.0,0.0,0.0,0.0,0.0,0.0,0.0,0.0,0.0
526,0.021,0.0,0.0,0.0546,0.1686,0.0,1.8556,0.1822,0.1935,0.221,0.0395,0.0,0.3405,3.1,0.1345,0.0,0.0
527,0.0,0.0,0.0,0.0,0.0,0.0,0.0,0.0,0.0,0.0,0.0,0.0,0.0,0.0,0.0,0.4006,0.0
528,0.0,0.0,0.0,0.0,0.0,0.0,0.0,0.0,0.003,0.0,0.0,0.0,0.0,0.0,0.0,0.0,0.0
529,0.0,0.0,0.0,0.0,0.0,0.0,0.0,0.011,0.1608,0.0123,0.0,0.0,0.0,0.0,0.0,0.0,0.0
530,0.0,0.0,0.0,0.0,0.0,0.0,0.0,0.0,0.003,0.0,0.0,0.0,0.0,0.0,0.0,0.0,0.0
531,0.0,0.0,0.0,0.0029,0.0,0.0,0.0,0.0,0.0,0.0,0.0,0.0,0.0,0.0,0.0,0.0195,0.0
532,0.0,0.0,0.0,0.0,0.0,0.0,0.0,0.0,0.0,0.0,0.1284,0.0,0.0,0.0,0.0,0.0,0.0
533,0.0,0.0,0.0099,0.0,0.0,0.0,0.0,0.1123,0.1429,2.6025,0.0,0.0,0.0,0.0,0.0,0.0,0.0
534,0.0,0.0,0.0,0.0345,0.0,0.0,0.0,0.0092,0.0893,0.0,0.0494,0.0,0.0,0.0,0.0384,0.0,0.0053
535,0.0,0.0,0.0,0.0,0.0,0.0,0.0,0.0,0.0,0.0,0.0,0.0,0.0,0.0,0.0,0.0,0.0
536,0.0,0.0,0.0,0.0,0.0,0.0,0.0,0.0,0.0,0.0,0.0,0.0,0.0,0.0,0.0,0.0,0.0
537,0.021,0.0,0.2036,0.0,0.0122,0.0397,0.0,0.0,0.003,0.0,0.0,0.0017,0.0,1.18,0.0,0.0049,0.0
538,0.0,0.0,0.0,0.0115,0.0,0.0,0.0,0.0,0.0,0.0,0.0,0.0,0.0,0.0,0.0192,0.0,0.0
539,0.0,0.0,0.0,0.0,0.0,0.0,0.0,0.0,0.0,0.0,0.0,0.0,0.0,0.0,0.0,0.0,0.0
540,0.042,0.0,0.0099,0.0,0.0024,0.0198,0.0,0.0,0.0,0.0,0.0,0.0,0.0,0.0,0.0,0.0,0.0
541,0.0,0.0,0.0,0.0,0.0,0.0,0.0,0.0,0.0,0.0123,0.0,0.0,0.0,0.0,0.0,0.0,0.0
542,0.0,0.0,0.0,0.0,0.0,0.0,0.0,0.0,0.0,0.0,0.0,0.0,0.0,0.0,0.0,0.0,0.0
543,0.0,0.0,0.0,0.0,0.0,0.0,0.0,0.0,0.0,0.0,0.0,0.0,0.0,0.0,0.0384,0.0,0.0
544,0.0,0.0,0.0,0.0029,0.0,0.0,0.0,0.0,0.0,0.0,0.0,0.0,0.0,0.0,0.0,0.0,0.0
545,0.0,0.0,0.0,0.0,0.0,0.0,0.0,0.0,0.0,0.0,0.0,0.0,0.0,0.0,0.0,0.0,0.0
546,0.0,0.0,0.0,0.0,0.0,0.0,0.0,0.0,0.0,0.0,0.0,0.0,0.0,0.0,0.0,0.0,0.0
547,0.0,0.0,0.0,0.0,0.0,0.0,0.0,0.0,0.0,0.0,0.0,0.0,0.0,0.0,0.0,0.0,0.0
548,0.0,0.0,0.0,0.0,0.0,0.0,0.0,0.0,0.0,0.0,0.0,0.0,0.0,0.0,0.0,0.0,0.0
549,0.168,0.0,0.0,0.8826,0.0611,0.1985,0.0,0.335,0.4138,0.3069,0.0494,0.0,0.1723,0.0,1.3641,0.0,0.0
550,0.0,0.0,0.0,3.0014,0.0,0.0,0.0,0.0,0.0,0.0,0.0988,15.2622,0.0,0.0,18.9625,0.0,0.0
551,0.021,0.0,0.0,0.0,0.0489,0.0,0.0,0.0,0.0,0.0,0.0,0.0,0.0,0.0,0.0,0.0,0.0
552,0.0,0.0,0.0,0.0,0.0,0.0,0.0,0.0,0.0,0.0,0.0,0.0,0.0,0.0,0.0,0.0,0.0
553,0.0,0.0,0.0,0.0029,0.0,0.0,0.0,0.0,0.0,0.0,0.0,0.0,0.0,0.0,0.0,0.0,0.0
554,0.0,0.0,0.0,0.0,0.0,0.0,0.0,0.0,0.0,0.0,0.0,0.0,0.0,0.0,0.0,0.0,0.0
555,0.0,0.0,0.0,0.0,0.0,0.0,0.0,0.0,0.0,0.0,0.0,0.0,0.0,0.0,0.0192,0.0,0.0
556,0.126,0.0,0.0,0.0,0.0073,1.0322,0.0,0.0,0.0,0.0,0.0,0.0,0.0,0.0,0.0192,0.0,0.0
557,0.0,0.42,0.0,0.0,0.0,0.0,0.0,0.0,0.003,0.0,0.0099,0.0,0.0,0.0,0.0,0.0,0.0
558,0.0,0.0,0.0,0.0,0.0,0.0,0.0,0.0,0.0,0.0,0.0,0.0,0.0,0.0,0.0,0.0,0.0
559,0.0,0.0,0.0,0.0,0.0,0.0,0.0,0.0,0.0,0.0,0.0,0.0,0.1194,0.0,0.0,0.0,0.0
560,0.0,0.0,0.0,0.0,0.0,0.0,0.0,0.0,0.0,0.0,0.0,0.0,0.0017,0.0,0.0,0.0,0.0
561,0.0,0.0,0.0,0.0144,0.6401,0.3176,0.0,0.0018,0.0089,0.0,0.0198,0.0,0.0,0.0,0.0,0.0195,0.0
562,0.0,0.0,0.0,0.0,0.0,0.0,0.0,0.0,0.0,0.0,0.0,0.0,0.0008,0.0,0.0,0.0098,0.0106
563,0.021,0.0,0.0,0.046,0.0,0.0,0.0,0.0018,0.0,0.0123,0.0,0.0,0.1446,0.0,0.0768,0.0,0.0
564,0.0,0.0,0.0,0.0057,0.0,0.0,0.0,0.0331,0.0417,0.0123,0.0,0.0,0.0034,0.0,0.0,0.0,0.0159
565,0.0,0.0,0.005,0.0057,0.0,0.0,0.0,1.0731,0.3751,1.4854,0.0395,0.0,0.0311,0.0,0.0,0.0,0.0
566,0.042,0.0,0.005,0.0,0.1319,0.0595,0.0,0.0,0.0,0.0,0.0,0.0,0.116,0.0,0.0,0.0,0.0
567,0.0,0.0,0.0,0.0,0.0,0.0,0.0,0.0,0.0,0.0,0.0,0.0,0.0,0.0,0.0,0.0,0.0
568,0.0,0.0,0.0,0.0,0.0,0.0,0.0,0.0,0.0,0.0,0.0,0.0,0.0008,0.0,0.0,0.0,0.0
569,0.0,0.0,0.0,0.0029,0.0,0.0,0.0,7.9901,0.5359,0.491,0.0,0.0,0.0891,0.0,0.0,0.0,0.0
570,0.0,0.0,0.005,0.0,0.0,0.0,0.0,0.0,0.0,0.0,0.0,0.0,0.0025,0.0,0.0,0.0,0.0
571,0.0,0.0,0.0,0.0,0.0,0.0,0.0,0.0,0.0,0.0,0.0,0.0,0.0,0.0,0.0,0.0,0.0
572,3.2969,0.0,0.2235,0.1639,2.399,2.7789,0.3319,19.9798,5.4424,19.6293,9.0182,0.1099,6.6079,2.49,0.5187,0.1075,0.0053
573,0.0,0.0,0.0,0.0,0.0,0.0,0.0,0.0,0.0,0.0,0.0,0.0,0.0,0.0,0.0,0.0,0.0
574,0.0,0.0,0.0298,0.0,0.2907,0.1786,0.0,0.0,0.0,0.0,0.0,0.0,0.0,0.0,0.0,0.0,0.0
575,27.8244,8.43,3.0741,0.2242,0.0073,0.0992,0.0,0.0479,0.0804,0.0614,0.0,0.0,0.0008,0.0,0.0961,0.0,0.0
576,0.0,0.0,0.0,0.0,0.0,0.0,0.0,0.0,0.0,0.0,0.0,0.0,0.0,0.0,0.0,0.0,0.0
577,0.021,0.0,0.0,0.0,0.0073,0.2382,0.0,0.0,0.0,0.0,0.0,0.0,0.0,0.0,0.0,0.0,0.0
578,0.0,0.0,0.0,0.0,0.0,0.0,0.0,0.0,0.0,0.0,0.0,0.0,0.0,0.0,0.0,0.0,0.0
579,0.0,0.0,0.0,0.0,0.0,0.0,0.0,0.0,0.0,0.0,0.0,0.0,0.0,0.0,0.0,0.0,0.0
580,0.0,0.0,0.0,0.0,0.0,0.0,0.0,0.0,0.0,0.0,0.0,0.0,0.0,0.0,0.0,0.0,0.0
581,2.289,0.0,0.0,0.0,0.1563,1.8063,0.0,0.0,0.0,0.0,0.0,0.0,0.0,0.0,0.0,0.0,0.0
582,0.0,0.0,0.0,0.0029,0.0,0.0,0.0,0.0,0.0,0.0,0.0099,0.0,0.0,0.0,0.0,0.0,0.0
583,0.0,0.0,0.0,0.0,0.0,0.0,0.1271,0.0,0.0,0.0,0.0,0.0,0.0967,0.0,0.0,0.1075,10.0672
584,0.21,0.0,0.0,0.0,0.0855,0.0595,0.0,0.0,0.0,0.0,0.0,0.0,0.0,0.0,0.0,0.0,0.0
585,0.0,0.0,0.0,0.0057,0.0049,0.0198,0.0,0.0,0.0,0.0,0.0,0.0,0.0,0.0,0.0192,0.0,0.0
586,0.0,0.0,0.0,0.0086,0.0,0.0,0.0,0.0,0.0,0.0,0.0198,0.0,0.0,0.0,0.0192,0.0,0.0
587,0.546,1.52,0.2135,9.9644,3.4666,2.8186,2.0621,2.4075,2.8195,2.0624,0.1383,0.014,0.9424,0.0,1.4025,12.2728,20.8913
588,0.0,0.0,0.0,0.0057,0.0,0.0,0.0,0.0,0.0,0.0,0.0,0.0,0.0,0.62,0.0,0.0,0.0
589,0.0,0.28,0.0248,2.113,0.0,0.0,0.0,0.0497,0.1489,0.0368,1.2051,0.0,0.0446,0.0,3.2277,1.6514,0.0053
590,0.0,0.0,0.0,0.0057,0.0,0.0,0.0,0.0,0.0,0.0,0.0099,0.0,0.0,0.0,0.0,0.0,0.0
591,0.084,0.0,0.0,7.2418,0.0,0.0,0.0,4.3015,5.3948,3.7073,0.0,0.0,0.0,0.0,0.4803,0.0049,0.0053
592,0.0,0.0,0.0149,0.0,0.0,0.0,0.0,0.0,0.003,0.0,0.0099,0.0,0.0008,0.0,0.0,0.0,0.0
593,0.0,0.0,0.0,0.0,0.0,0.0,0.0,0.0,0.0,0.0,0.0,0.0,0.0,0.0,0.0,0.0049,0.0
594,0.0,0.0,0.0,0.0,0.0,0.0,0.0,0.0,0.0,0.0,0.0,0.0,0.0,0.0,0.0,0.0,0.0
595,0.0,0.0,0.0,0.0,0.0,0.0,0.0,0.0,0.0,0.0,0.0,0.0,0.0,0.0,0.0,0.0,0.0
596,0.0,0.0,0.0149,0.0,0.0342,0.0198,0.0,0.0,0.0,0.0,0.0099,0.014,0.0017,0.0,0.0,0.0,0.0
597,0.0,0.0,0.0,0.0086,0.0,0.0,0.0,0.0,0.0,0.0,0.0099,0.0,0.0017,0.0,0.0,0.0049,0.0
598,0.0,0.0,0.0,0.0,0.0,0.0,0.0,0.0,0.0,0.0,0.0,0.0,0.0,0.0,0.0,0.0,0.0
599,0.0,0.0,0.0,1.0551,0.0,0.0,0.0,0.37,4.3855,0.2946,0.1778,0.0,0.1984,0.0,1.5754,0.0,0.0
600,0.168,0.0,0.005,0.0029,0.0,0.0,0.0,0.0,0.003,0.0,0.0099,0.0,0.0,0.0,0.0192,0.2443,0.0318
601,0.0,0.0,0.0,0.0144,0.0,0.0,0.0,0.0037,0.0179,0.0,0.0,0.0,0.0,0.0,0.0192,0.0049,0.0
602,0.0,0.0,0.0944,0.0029,0.0,0.0,0.0,0.0368,0.0357,0.0859,0.0889,0.0017,0.0,0.0,0.0384,4.0111,0.0106
603,0.0,0.0,0.0,0.0,0.0,0.0,0.0,0.0,0.0,0.0,0.0,0.0,0.0,0.0,0.0,0.0,0.0
604,0.0,0.0,0.0,0.0,0.0,0.0,0.0,0.0,0.0,0.0,0.0,0.0,0.0,0.0,0.0,0.0,0.0
605,0.0,0.0,0.0,0.3277,0.0,0.0,0.0,1.0068,1.1552,0.7979,0.0,0.0,0.0,0.0,0.0,0.0,0.0
606,0.483,0.0,0.0,0.0057,0.7524,2.501,0.0,0.0,0.003,0.0,0.0,0.0,0.0,0.0,0.0,0.0,0.0
607,0.042,0.0,0.0,0.0,0.0,0.0,0.0,0.0442,0.0387,0.3315,0.0,0.0,0.0,0.0,0.0,0.0,0.0
608,0.0,0.0,0.0,0.0,0.0,0.0,0.0,0.0,0.0,0.0,0.0,0.0,0.0,0.0,0.0,0.0,0.0
609,2.5619,0.0,0.0,0.0,0.0098,0.0397,0.0,0.0,0.0,0.0,0.0,0.0,0.0,0.0,0.0,0.0,0.0
610,0.0,0.0,0.0,0.0,0.0,0.0,0.0,0.0018,0.003,0.0,0.0,0.0,0.0,0.0,0.0,0.0,0.0
611,0.0,0.0,0.0,0.0057,0.0,0.0,0.0,0.0,0.0,0.0,0.0,0.0576,0.1,0.0,0.0192,0.0,0.0
612,0.0,0.0,0.0,0.0,0.0,0.0,0.0,0.0,0.0,0.0,0.0,0.0,0.0,0.0,0.0,0.0,0.0
613,0.042,0.0,0.0,0.0057,0.1783,0.794,0.0,0.0,0.0,0.0123,0.0691,0.0,0.0,0.0,0.0,0.0,0.0
614,0.0,0.0,1.0628,0.3019,0.0,0.0,0.0,0.0221,0.0208,0.0491,0.0593,0.5879,0.0,0.0,0.0192,0.0,0.0
615,0.105,0.0,0.0,0.0086,0.0024,0.0,0.0,0.0,0.0,0.0,0.0,0.0,3.2863,0.0,0.0576,0.0,0.0
616,0.0,0.0,0.0,0.0115,0.0,0.0,0.0,0.0037,0.0268,0.0123,0.0395,0.0,0.0,0.0,0.0384,0.0,0.0
617,0.0,0.0,0.0,0.0345,0.0,0.0,0.0018,0.0,0.0,0.0,0.0,0.0,0.0,0.0,0.0384,0.0098,0.0
618,0.0,0.0,0.0,0.0,0.0,0.0,0.0,0.0,0.0,0.0,0.0,0.0,0.0,0.0,0.0,0.0,0.0053
619,0.0,0.0,0.0,0.0,0.0,0.0,0.0,0.0,0.0,0.0,0.0,0.0,0.1085,0.0,0.0,0.0,0.0
620,0.0,0.0,0.0,0.0,0.0,0.0,0.0,0.0,0.0,0.0,0.0,0.0,0.0,0.0,0.0,0.0,0.0
621,0.0,0.0,0.0,0.0029,0.0,0.0,0.0,0.0,0.0,0.0,0.0,0.0,0.0,0.0,0.0,0.0,0.0
622,0.0,0.0,0.0,0.0,0.0,0.0,0.0,0.0,0.0,0.0,0.0,0.0,0.0362,0.0,0.0,0.0,0.0
623,0.0,0.0,0.0,0.0,0.0,0.0,0.0,0.0,0.0,0.0,0.0,0.0,0.0008,0.0,0.0,0.0,0.0
624,0.0,0.0,0.0,0.0,0.0,0.0,0.0,0.0,0.0,0.0,0.0,0.0,0.0008,0.0,0.0,0.0,0.0
625,0.0,0.0,0.005,0.4312,0.0,0.0,0.0,0.0,0.0,0.0,0.0,0.0,0.9391,0.0,3.1508,0.0,0.0
626,0.0,0.0,0.0,0.0,0.0,0.0,0.0,0.0,0.0,0.0,0.0,0.0,0.0017,0.0,0.0,0.0,0.0
627,0.0,0.0,0.0,0.0,0.0,0.0,0.0,0.0,0.0,0.0,0.0,0.0,0.0034,0.0,0.0,0.0,0.0
628,0.0,0.0,0.0,0.0029,0.0195,0.0,0.0,0.0,0.0,0.0,0.0494,0.0,0.005,0.0,0.0,0.0,0.0053
629,0.0,0.0,0.0,0.0,0.0,0.0,0.0,0.0,0.0,0.0,0.0,0.0,0.0008,0.0,0.0,0.0,0.0
630,0.0,0.0,0.0,0.0029,0.0,0.0,0.0,0.2319,0.2382,0.1841,0.0,0.0,0.0,0.0,0.0,0.0,0.0
631,0.0,0.0,0.0,0.0,0.0049,0.0198,0.0,0.0,0.0,0.0,0.0,0.0,0.0,0.0,0.0,0.0,0.0
632,0.0,0.0,0.0,0.0,0.0,0.0,0.0,0.0,0.006,0.0,0.2173,0.0,0.0,0.0,0.0,0.0,0.0
633,0.0,0.0,0.0,0.0,0.0,0.0,0.0,0.0,0.0,0.0,0.0,0.0,0.0,0.0,0.0,0.0,0.0
634,0.0,0.0,0.0,0.0144,0.0,0.0,0.0,0.0,0.0208,0.0,0.0,0.0,2.8197,0.0,0.0192,0.0,0.0
635,0.0,0.0,0.0,0.0,0.0,0.0,0.0,0.0,0.0,0.0,0.0,0.0,0.0,0.0,0.0,0.0,0.0
636,0.0,0.0,0.0,0.0,0.0,0.0,0.0,0.0,0.0,0.0,0.0,0.0,0.0,0.0,0.0,0.0,0.0
637,0.0,0.0,0.0,0.0,0.0,0.0,0.0,0.0,0.0,0.0,0.0,0.0,0.0,0.0,0.0,0.0,0.0
638,0.0,0.0,0.0,0.0,0.0,0.0,0.0,0.0,0.0,0.0,0.0,0.0,0.0,0.0,0.0,0.0,0.0
639,0.0,0.0,0.0,0.0,0.0,0.0,0.0,0.0,0.0,0.0,0.0,0.0,0.0,0.0,0.0,0.0,0.0
640,0.0,0.0,0.0,0.0,0.0,0.0,0.0,0.0037,0.0,0.0,0.0,0.0,0.0,0.0,0.0,0.0,0.0
641,0.0,0.0,0.0,0.0,0.0024,0.0198,0.0,0.0,0.0,0.0,0.0,0.0,0.0,0.0,0.0,0.0,0.0
642,0.0,0.0,0.0,0.0,0.0,0.0,0.0,0.0,0.0,0.0,0.0,0.0,0.0,0.0,0.0,0.0,0.0
643,0.0,0.0,0.0,0.0029,0.0,0.0,0.0,0.0,0.0,0.0,0.0,0.0,0.0,0.0,0.0,0.0,0.0
644,0.0,0.0,0.0,0.0115,0.0,0.0,0.0,0.1233,0.0476,0.0368,0.1185,0.0,0.0025,0.0,0.0,0.0,0.0
645,0.0,0.0,0.0,0.0,0.0,0.0,0.0,0.0,0.0,0.0,0.0,0.0,0.0,0.0,0.0,0.0,0.0
646,0.0,0.0,0.0,0.0,0.0098,0.0,0.0018,0.0,0.0,0.0,0.0,0.0,0.0,0.0,0.0,0.0,0.0
647,1.533,0.0,35.3099,1.4087,31.0891,23.8984,0.0,0.0037,0.0298,0.0,0.0889,0.0262,0.0328,1.8,0.0768,0.0,0.0
648,0.0,0.0,0.0,0.0,0.0,0.0,0.0,0.0,0.0,0.0,0.0099,0.0,0.1101,0.0,0.0,0.0,0.0
649,0.0,0.0,0.0,0.0,0.0024,0.0198,0.0,0.0,0.0,0.0,0.0,0.0,0.0,0.0,0.0,0.0,0.0
650,0.0,0.0,0.0348,0.0,0.0,0.0,0.0,0.0,0.0,0.0,0.0,0.0,0.0,0.0,0.0,0.0,0.0
651,0.0,0.0,0.005,0.0,0.0,0.0,0.0,0.0,0.0,0.0,0.0,0.0,0.0,0.0,0.0,0.0,0.0
652,0.0,0.0,0.0,0.0115,0.0,0.0,0.0,0.0,0.006,0.0,0.0,0.0,0.0008,0.0,0.0,0.0,0.0
653,0.0,0.0,0.0,0.0,0.0,0.0,0.0,0.0,0.0,0.0,0.0,0.0,0.0,0.0,0.0,0.0,0.0
654,0.0,0.0,0.0,0.0029,0.0,0.0,0.0,0.0,0.0,0.0,0.0,0.0,0.8239,0.0,0.0,0.0,0.0
655,0.0,0.0,0.0,0.0,0.0,0.0,0.0,0.0,0.0,0.0,0.0,0.0,0.0,0.0,0.0,0.0,0.0
656,0.0,0.0,0.0,0.0201,0.0,0.0,0.0,0.1657,0.1995,0.135,0.0,0.0,0.0,0.0,0.0384,0.0049,0.0053
657,0.0,0.0,0.0,0.0,0.0,0.0,0.0,0.0,0.0,0.0,0.0,0.0,0.0,0.0,0.0192,0.0,0.0
658,0.0,0.0,0.0,0.046,0.0,0.0,0.0,0.0,0.003,0.0,0.0,0.0,0.0,0.0,0.0384,0.0,0.0
659,0.0,0.0,0.0,0.4485,0.0,0.0,0.0,0.1049,0.1786,0.1473,2.7558,0.0,0.0,0.0,0.7109,0.0,0.0
660,0.0,2.79,0.0,0.483,0.0,0.0,0.0,1.362,1.6077,1.0557,0.4149,0.0,0.042,0.0,0.5572,0.0049,0.0
661,0.0,0.0,0.0,0.0,0.0,0.0,0.0,0.0,0.0,0.0,0.0,0.0,0.0,0.0,0.0,0.0,0.0
662,0.0,0.0,0.0,0.0,0.0,0.0,0.0,0.0037,0.0,0.0,0.0,0.0,0.0,0.0,0.0,0.0,0.0
663,0.0,0.0,0.0,0.0,0.0244,0.0,0.0,0.0,0.0,0.0,0.0,0.0,0.0,0.0,0.0,0.0,0.0
664,0.0,0.0,0.0,0.5635,0.0,0.0,0.0,3.3131,4.5105,2.4306,3.2892,0.0,0.3556,0.0,0.0961,0.0,0.0
665,0.0,0.0,0.0,0.0,0.0,0.0,0.0477,0.0,0.0,0.0,0.0,0.0,0.0,0.0,0.0,0.0,0.0
666,0.0,0.0,0.0,0.0,0.0,0.0,0.0,0.0,0.0,0.0,0.0,0.0,0.0,0.0,0.0,0.0,0.0
667,0.0,0.0,0.0,0.0,0.0,0.0,0.0,0.0,0.0,0.0,0.0,0.0,0.0,0.0,0.0,0.0,0.0159
668,0.0,0.0,0.0,0.0057,0.0,0.0,0.0,0.0,0.003,0.0,0.0,0.0,0.0,0.0,0.0,0.0,0.0
669,0.0,0.0,0.0,0.0,0.0,0.0,0.0,0.0037,0.006,0.0,0.0,0.0,0.0,0.0,0.0,0.0,0.0741
670,0.0,0.0,0.0,0.0029,0.1588,0.1786,0.0,0.0018,0.0,0.0246,0.0,0.0,0.0,0.0,0.0,0.0,0.0
671,2.373,0.0,0.005,0.0604,1.3534,1.0322,0.4449,0.0276,0.0327,0.0368,0.0099,0.0,0.1085,0.0,0.2305,0.0098,12.2956
672,0.0,0.0,0.0,0.0,0.0,0.0,0.0,0.0,0.0,0.0,0.0,0.0,0.0,0.0,0.0,0.0,0.0
673,0.0,0.0,0.0,0.0,0.0,0.0,0.0,0.0,0.0,0.0,0.0,0.0,0.0,0.0,0.0,0.0,0.0
674,0.021,0.0,0.0,0.1121,0.0195,0.1389,0.0318,0.5283,0.6133,1.8782,0.2864,0.4013,0.3682,1.4,0.1537,0.0879,0.0106
675,0.0,0.0,0.0,0.0,0.0,0.0,0.0,0.0,0.0,0.0,0.0,0.0,0.0,0.0,0.0,0.0,0.0
676,0.021,0.0,0.005,1.7911,0.0,0.0,0.0,0.6626,0.8396,6.1748,0.0296,0.0105,0.1009,0.0,2.4784,0.0195,0.0423
677,0.0,0.0,0.0,0.0374,0.0,0.0,0.0,0.0018,0.0179,0.0368,0.0,0.0,0.0008,0.0,0.0576,0.0,0.0
678,0.021,0.0,0.0,0.0632,0.0024,0.0198,0.0,0.0074,0.0655,0.0,0.0,0.0,0.0,0.0,0.1537,0.0,0.0
679,0.0,0.0,0.0,0.0,0.0,0.0,0.0,0.0,0.0,0.0,0.0,0.0,0.0,0.0,0.0,0.0,0.0
680,0.0,0.0,0.0,0.0,0.0,0.0198,0.0,0.0,0.0,0.0,0.0,0.0,0.0,0.0,0.0,0.0,0.0
681,0.0,0.0,0.0,0.0,0.0,0.0,0.0,0.0,0.0,0.0,0.0,0.0,0.0,0.0,0.0,0.0,0.0
682,0.0,0.0,0.0,0.0,0.0,0.0,0.0,0.0,0.0,0.0,0.0,0.0,0.0,0.0,0.0,0.0098,0.0
683,0.0,0.0,0.4867,0.1265,0.0342,0.0397,0.0777,2.3541,0.7711,1.8291,3.7436,0.0087,0.6902,0.9,0.0961,0.0,0.0
684,0.0,0.0,0.0,0.0,0.0,0.0,0.0,0.0,0.003,0.0,0.0,0.0,0.0,0.0,0.0,0.0,0.0
685,0.0,0.0,0.0447,0.0431,0.0,0.0,0.0,0.1675,0.128,0.2087,0.0099,0.0593,0.0008,0.0,0.0384,0.9136,1.0798
686,0.0,0.0,0.0,0.0029,0.0,0.0,0.0,0.0,0.0,0.0,0.0198,0.0,0.0,0.0,0.0,0.0,0.0
687,5.6909,0.0,0.3129,0.0086,0.8844,0.8932,0.0018,0.0847,0.0447,0.1719,0.4939,0.0017,0.0,0.0,0.0192,0.0,0.0
688,0.0,0.0,0.0099,0.0,0.0171,0.0,0.0,0.0,0.0,0.0,0.1284,0.0,0.0008,0.0,0.0,0.0,0.0265
689,0.0,0.0,0.0,0.0,0.0,0.0,0.0,0.0,0.0,0.0,0.0,0.0,0.0008,0.0,0.0,0.0,0.0
690,0.0,0.0,0.0,0.0,0.0,0.0,0.0,0.0,0.0,0.0,0.0,0.0,0.0,0.0,0.0,0.0,0.0
691,0.0,0.75,0.0,0.0172,0.0,0.0,0.0,0.0,0.0,0.0,0.0,0.0,0.2539,0.0,0.0192,0.0,0.0
692,0.0,0.0,0.0,0.0,0.0,0.0,0.0,0.0,0.0,0.0,0.0,0.0,0.0,0.0,0.0,0.0,0.0
693,0.0,0.0,0.0,0.0,0.0,0.0,0.0,0.0,0.0,0.0,0.0,0.0,0.0,0.0,0.0,0.0,0.0
694,0.0,0.0,0.0,0.0,0.0,0.0,0.0,0.0,0.0,0.0,0.0,0.0,0.0008,0.0,0.0,0.0,0.0
695,0.147,0.0,0.0,0.0086,0.2394,2.8186,0.0,0.0018,0.0268,0.0,0.0395,0.0,0.0008,0.0,0.0,0.0,0.0
696,0.0,0.0,0.0,0.0,0.0,0.0,0.0,0.0,0.0,0.0,0.0,0.0,0.0,0.0,0.0,0.0,0.0
697,0.0,0.0,0.0,1.6243,0.0,0.0,0.0,0.0,0.0,0.0,0.0,0.0,0.0,0.0,0.0384,0.0,0.0
698,0.0,0.0,0.0,0.0,0.0,0.0,0.0,0.0,0.0,0.0,0.0,0.0,0.0,0.0,0.0,0.0,0.0
699,0.0,0.0,0.0,0.0,0.0,0.0,0.0,0.0,0.0,0.0,0.0,0.0,0.0008,0.0,0.0,0.0,0.0
700,0.0,0.0,0.0,0.0,0.0,0.0,0.0,0.0,0.0,0.0,0.0,0.0,0.0496,0.0,0.0,0.0,0.0
701,0.0,0.0,0.0099,0.0,0.0,0.0,0.0,0.0,0.0,0.0,0.0,0.0,0.0067,0.0,0.0,0.0,0.0
702,0.0,0.0,0.0,0.0057,0.0,0.0,0.0,0.0,0.0,0.0,0.0,0.0,0.0,0.0,0.0,0.0,0.0
703,0.021,0.0,0.0,0.0,0.0,0.0,0.0,0.0,0.0,0.0,0.0,0.0,0.0,0.0,0.0,0.0,0.0
704,0.0,0.0,0.0,0.0,0.0,0.0,0.0,0.0,0.0238,0.0,0.0,0.0,0.0,0.0,0.0,0.0,0.0
705,0.336,0.0,0.0,0.0115,0.4471,0.5161,0.0,0.0,0.0,0.0,0.0198,0.0,0.0017,0.0,0.0,0.0,0.0
706,0.0,0.0,0.0,0.0402,0.0,0.0,0.0,0.0,0.0,0.0,0.0,0.0,0.2228,0.0,0.0576,0.0,0.0
707,0.0,0.0,0.0,0.0029,0.0,0.0,0.0,0.0,0.003,0.0123,0.0,0.0,0.0,0.0,0.0,0.0098,0.0106
708,0.0,0.0,0.0,0.0029,0.0,0.0,0.0,0.0018,0.0,0.0,0.0,0.0,0.0,0.0,0.0,0.0,0.0
709,0.0,0.0,0.0,0.0,0.0391,0.0,0.0,0.0,0.0,0.0,0.0,0.0,0.0,0.0,0.0,0.0,0.0
710,0.0,0.0,0.0,0.0,0.0,0.0,0.0,0.0,0.0,0.0,0.0,0.0,0.0,0.0,0.0,0.0,0.0
711,0.0,0.0,0.0,0.0,0.0,0.0,0.0,0.0,0.0,0.0,0.0,0.0,0.0,0.0,0.0,0.0,0.0
712,0.0,0.0,0.0,1.1385,0.0147,0.0198,0.0,0.0,0.0,0.0123,0.0,0.0,0.0,0.0,8.9337,0.0,0.0
713,0.0,0.0,0.0,0.0,0.0,0.0,0.0,0.0,0.0,0.0,0.0,0.0,0.0,0.0,0.0,0.0,0.0053
714,0.0,0.0,0.0,0.0,0.0,0.0,0.0,0.0,0.0,0.0,0.0296,0.0,0.0,0.0,0.0,0.0,0.0
715,0.0,0.0,0.6804,0.0115,0.0,0.0,0.0,0.0018,0.0,0.0,0.0,0.0,0.0,0.0,0.0192,0.0,0.0
716,0.0,0.0,0.0,0.0086,0.0024,0.0,0.0,0.0,0.0,0.0,0.0,0.0,0.0,0.0,0.0,0.0,0.0106
717,0.0,0.0,0.0,0.0,0.0171,0.0,0.0,0.0018,0.0,0.0,0.0,0.0,0.0042,0.0,0.0,0.3762,0.0
718,0.0,0.0,0.0,0.0,0.0,0.0,0.0,0.0,0.0,0.0,0.0,0.0,0.0118,0.0,0.0,0.0,0.0
719,0.0,0.0,0.0,0.0,0.0,0.0,0.0,0.0,0.0,0.0,0.0,0.0,0.0,0.0,0.0,0.0,0.0
720,0.021,0.0,0.0,0.0,0.0,0.0,0.0,0.0,0.0,0.0,0.0,0.0,0.0,0.0,0.0,0.0,0.0
721,0.0,0.0,0.0,0.0029,0.0,0.0,0.0,0.473,0.4109,0.3437,0.2371,0.0,0.0,0.0,0.0,0.0,0.0
722,0.0,0.0,0.0,0.0029,0.0,0.0,0.0,0.0,0.0,0.0,0.0,0.0,0.0,0.0,0.0,0.0,0.0
723,0.0,0.0,0.0,0.1437,0.0,0.0,0.0,0.0,0.0,0.0,0.0,0.0,0.0,0.0,3.4582,0.0,0.0
724,0.0,0.0,0.0,0.0057,0.0,0.0,0.0,0.0,0.0,0.0,0.0,0.0,0.0,0.0,0.0,3.8011,0.0053
725,0.042,0.0,0.0,0.0029,0.0,0.0,0.0,3.7401,0.399,3.5846,0.0,0.0,0.0,0.0,0.0,0.0,0.0
726,0.0,0.0,0.0,0.0,0.0,0.0,0.0,0.0,0.0,0.0,0.0,0.0,0.0,0.0,0.0,0.0,0.0
727,0.042,0.0,0.005,0.0144,0.0073,0.258,0.0,0.0,0.006,0.0,0.0296,0.0,0.037,0.0,0.0,0.044,0.0
728,0.0,0.0,0.0,0.0,0.0,0.0,0.0,0.0,0.0,0.0,0.0,0.0,0.0,0.0,0.0,0.0049,0.0
729,0.021,0.0,0.0,0.0,0.0,0.0,0.0,0.0,0.0,0.0,0.0,0.0,0.0,0.0,0.0,0.0,0.0
730,0.0,0.0,0.0,0.0,0.0,0.0,0.0,0.0,0.0,0.0,0.0,0.0,0.0,0.0,0.0,0.0,0.0
731,0.903,0.0,0.0,0.0,0.8233,3.5331,0.0,0.0,0.0,0.0,0.0,0.0,0.0,0.0,0.0,0.0,0.0
732,0.0,0.0,0.0,0.0,0.0,0.0,0.0,0.0258,0.0119,0.0246,0.0099,0.0,0.0,0.0,0.0,0.0,0.0
733,0.0,0.0,0.0,0.0,0.0195,0.0397,0.0,0.0,0.003,0.0,0.0,0.0,0.0008,0.0,0.0,0.0,0.0
734,0.0,0.0,0.0,0.0,0.0,0.0,0.0,0.0,0.0,0.0,0.0,0.0,0.0,0.0,0.0,0.0,0.0
735,0.0,0.0,0.005,0.0,0.0,0.0,0.0,0.0,0.0,0.0,0.0,0.0,0.0,0.0,0.0,0.0,0.0
736,0.0,0.0,0.0,0.0,0.0366,0.0,0.0,0.0037,0.0774,0.0,0.0,0.0,0.0,0.0,0.0,0.0,0.0
737,0.0,0.0,0.0,0.0029,0.0,0.0,0.0,0.0,0.003,0.0,0.0,0.0,0.0,0.0,0.0,0.0,0.0
738,0.0,0.0,0.0,0.0,0.0,0.0,0.0,0.0,0.0,0.0,0.0,0.0,0.0,0.0,0.0,0.0,0.0
739,0.0,0.0,0.0,0.0,0.0,0.0,0.0,0.0,0.0,0.0,0.0,0.0,0.0008,0.0,0.0,0.0,0.0
740,0.0,0.0,0.0,0.0,0.0,0.0,0.0,0.0,0.0,0.0,0.0,0.0,0.0059,0.0,0.0,0.0,0.0
741,0.0,0.0,0.0,0.0,0.0,0.0,0.0,0.0,0.0,0.0,0.0,0.0,0.0101,0.0,0.0,0.0,0.0
742,0.0,0.0,0.0,0.0,0.0,0.0,0.0335,0.0,0.0,0.0,0.0,0.0,0.0025,0.0,0.0,0.0,0.0
743,0.0,0.0,0.0,0.0,0.0,0.0,0.0,0.0,0.0,0.0,0.0,0.0,0.0,0.0,0.0,0.0,0.0
744,0.0,0.0,0.0,0.0,0.0,0.0,0.0,0.0,0.0,0.0,0.0,0.0,0.0605,0.0,0.0,0.0,0.0
745,0.0,0.0,0.0,0.0,0.0,0.0,0.2366,0.0,0.0,0.0,0.0,0.0,0.0,0.0,0.0,0.0,0.0
746,0.0,0.0,0.0,0.0,0.0,0.0,0.0,0.0,0.0,0.0,0.0,0.0,0.0,0.0,0.0,0.0,0.0
747,0.0,0.0,0.0,0.0,0.0,0.0,0.0,0.0,0.0,0.0,0.0,0.0,0.0572,0.0,0.0,0.0,0.0
748,0.0,0.0,0.0,0.0,0.0,0.0,0.0,0.0,0.0,0.0,0.0,0.0,0.0,0.0,0.0,0.0,0.0
749,0.0,0.0,0.0,0.0,0.0,0.0,0.0,0.0,0.0,0.0,0.0,0.0,0.0008,0.0,0.0,0.0,0.0
750,0.0,0.0,0.0,0.0,0.0,0.0,0.0,0.0,0.0,0.0,0.0,0.0,0.0,0.0,0.0,0.0,0.0
751,0.0,0.0,0.0,0.0,0.0,0.0,0.0583,0.0,0.0,0.0,0.0,0.0,0.0017,0.0,0.0,0.0,0.0
752,0.0,0.0,0.0,0.0,0.0,0.0,0.0,0.0,0.0,0.0,0.0,0.0,0.0,0.0,0.0,0.0,0.0
753,0.0,0.0,0.0,0.0,0.0,0.0,0.0,0.0,0.0,0.0,0.0,0.0,0.0025,0.0,0.0,0.0,0.0
754,0.0,0.0,0.0,0.0,0.0,0.0,0.0,0.0,0.0,0.0,0.0,0.0,0.0,0.0,0.0,0.0,0.0
755,0.0,0.0,0.0,0.0,0.0,0.0,0.0018,0.0,0.0,0.0,0.0,0.0,0.0059,0.0,0.0,0.0,0.0
756,0.0,0.0,0.0,0.0,0.0,0.0,0.0,0.0,0.0,0.0,0.0,0.0,0.0,0.0,0.0,0.0,0.0
757,0.0,0.0,0.0,0.0,0.0,0.0,0.0,0.0,0.0,0.0,0.0,0.0,0.0,0.0,0.0,0.0,0.0
758,0.0,0.0,0.0,0.0,0.0,0.0,0.0,0.0,0.0,0.0,0.0,0.0,0.0546,0.0,0.0,0.0,0.0
759,0.0,0.0,0.0,0.0,0.0,0.0,0.0,0.0,0.0,0.0,0.0,0.0,0.0,0.0,0.0,0.0,0.0
760,0.0,0.0,0.0,0.0,0.0,0.0,0.0,0.0,0.0,0.0,0.0,0.0,0.0,0.0,0.0,0.0,0.0
761,0.0,0.0,0.0,0.0,0.0,0.0,0.0,0.0,0.0,0.0,0.0,0.0,16.978,0.0,0.0,0.0,0.0
762,0.0,0.0,0.0,0.0,0.0,0.0,0.0,0.0,0.0,0.0,0.0,0.0,0.0017,0.0,0.0,0.0,0.0
763,0.0,0.0,0.0,0.0,0.0,0.0,0.0,0.0,0.0,0.0,0.0,0.0,0.0,0.0,0.0,0.0,0.0
764,0.0,0.0,0.0,0.0,0.0,0.0,0.0,0.0,0.0,0.0,0.0,0.0,0.1051,0.0,0.0,0.0,0.0
765,0.0,0.0,0.0,0.0,0.0,0.0,0.0,0.0,0.0,0.0,0.0,0.0,0.0,0.0,0.0,0.0,0.0
766,0.0,0.0,0.0,0.0,0.0,0.0,0.0,0.0,0.0,0.0,0.0,0.0,0.0832,0.0,0.0,0.0,0.0
767,0.0,0.0,0.0,0.0,0.0,0.0,0.1501,0.0,0.0,0.0,0.0,0.0,0.116,0.0,0.0,0.0,0.0
768,0.0,0.0,0.0,0.0,0.0,0.0,0.0,0.0,0.0,0.0,0.0,0.0,0.0025,0.0,0.0,0.0,0.0
769,0.0,0.0,0.0,0.0,0.0,0.0,0.0,0.0,0.0,0.0,0.0,0.0,0.0076,0.0,0.0,0.0,0.0
770,0.0,0.0,0.0,0.0,0.0,0.0,0.0,0.0,0.0,0.0,0.0,0.0,0.0294,0.0,0.0,0.0,0.0
771,0.0,0.0,0.0,0.0,0.0,0.0,0.0,0.0,0.0,0.0,0.0,0.0,0.0,0.0,0.0,0.0,0.0
772,0.0,0.0,0.0,0.0,0.0,0.0,0.0,0.0,0.0,0.0,0.0,0.0,0.0,0.0,0.0,0.0,0.0
773,0.0,0.0,0.0,0.0,0.0,0.0,0.0,0.0,0.0,0.0,0.0,0.0,0.0202,0.0,0.0,0.0,0.0
774,0.0,0.0,0.0,0.0,0.0,0.0,0.0,0.0,0.0,0.0,0.0,0.0,0.0008,0.0,0.0,0.0,0.0
775,0.0,0.0,0.0,0.0,0.0,0.0,0.0212,0.0,0.0,0.0,0.0,0.0,0.0,0.0,0.0,0.0,0.0
776,0.0,0.0,0.0,0.0,0.0,0.0,0.0,0.0,0.0,0.0,0.0,0.0,0.0,0.0,0.0,0.0,0.0
777,0.0,0.0,0.0,0.0,0.0,0.0,0.0,0.0,0.0,0.0,0.0,0.0,0.0,0.0,0.0,0.0,0.0
778,0.0,0.0,0.0,0.0,0.0,0.0,0.0,0.0,0.0,0.0,0.0,0.0,0.0,0.0,0.0,0.0,0.0
779,0.0,0.0,0.0,0.0,0.0,0.0,0.0,0.0,0.0,0.0,0.0,0.0,0.0,0.0,0.0,0.0049,0.0
780,0.0,0.0,0.0,0.0,0.0,0.0,0.0018,0.0,0.0,0.0,0.0,0.0,0.0202,0.0,0.0,0.0,0.0
781,0.0,0.0,0.0,0.0,0.0,0.0,0.0,0.0,0.0,0.0,0.0,0.0,0.0,0.0,0.0,0.0,0.0
782,0.0,0.0,0.0,0.0,0.0,0.0,0.0,0.0,0.0,0.0,0.0,0.0,0.0,0.0,0.0,0.0,0.0
783,0.0,0.0,0.0,0.0,0.0,0.0,0.0,0.0,0.0,0.0,0.0,0.0,0.0244,0.0,0.0,0.0,0.0
784,0.0,0.0,0.0,0.0,0.0,0.0,0.0,0.0,0.0,0.0,0.0,0.0,0.0,0.0,0.0,0.0,0.0
785,0.0,0.0,0.0,0.0,0.0,0.0,0.0,0.0,0.0,0.0,0.0,0.0,0.0,0.0,0.0,0.0,0.0
786,0.0,0.0,0.0,0.0,0.0,0.0,0.0,0.0,0.0,0.0,0.0,0.0,0.0,0.0,0.0,0.0,0.0
787,0.0,0.0,0.0,0.0,0.0,0.0,0.0,0.0,0.0,0.0,0.0,0.0,0.8953,0.0,0.0,0.0,0.0
788,0.0,0.0,0.0,0.0,0.0,0.0,0.0,0.0,0.0,0.0,0.0,0.0,0.0,0.0,0.0,0.0,0.0
789,0.0,0.0,0.0,0.0,0.0,0.0,0.0,0.0,0.0,0.0,0.0,0.0,0.0,0.0,0.0,0.0,0.0
790,0.0,0.0,0.0,0.0,0.0,0.0,0.0,0.0,0.0,0.0,0.0,0.0,0.0,0.0,0.0,0.0,0.0
791,0.0,0.0,0.0,0.0,0.0,0.0,0.0,0.0,0.0,0.0,0.0,0.0,0.1261,0.0,0.0,0.0,0.0
792,0.0,0.0,0.0,0.0,0.0,0.0,0.0,0.0,0.0,0.0,0.0,0.0,0.0,0.0,0.0,0.0,0.0
793,0.0,0.0,0.0,0.0,0.0,0.0,0.0,0.0,0.0,0.0,0.0,0.0,0.0,0.0,0.0,0.0,0.0
794,0.0,0.0,0.0,0.0,0.0,0.0,0.0,0.0,0.0,0.0,0.0,0.0,0.0025,0.0,0.0,0.0,0.0
795,0.0,0.0,0.0,0.0,0.0,0.0,0.0,0.0,0.0,0.0,0.0,0.0,0.0,0.0,0.0,0.0,0.0
796,0.0,0.0,0.0,0.0,0.0,0.0,0.0,0.0,0.0,0.0,0.0,0.0,0.0109,0.0,0.0,0.0,0.0
797,0.0,0.0,0.0,0.0,0.0,0.0,0.0,0.0,0.0,0.0,0.0,0.0,0.0,0.0,0.0,0.0,0.0
798,0.0,0.0,0.0,0.0,0.0,0.0,0.0,0.0,0.0,0.0,0.0,0.0,0.0,0.0,0.0,0.0,0.0
799,0.0,0.0,0.0,0.0,0.0,0.0,0.0,0.0,0.0,0.0,0.0,0.0,0.0,0.0,0.0,0.0,0.0
800,0.0,0.0,0.0,0.0,0.0,0.0,0.0,0.0,0.0,0.0,0.0,0.0,0.0,0.0,0.0,0.0,0.0
801,0.0,0.0,0.0,0.0,0.0,0.0,0.0,0.0,0.0,0.0,0.0,0.0,0.496,0.0,0.0,0.0,0.0
802,0.0,0.0,0.0,0.0,0.0,0.0,0.0,0.0,0.0,0.0,0.0,0.0,0.0,0.0,0.0,0.0,0.0
803,0.0,0.0,0.0,0.0,0.0,0.0,0.0,0.0,0.0,0.0,0.0,0.0,0.0,0.0,0.0,0.0,0.0
804,0.0,0.0,0.0,0.0,0.0,0.0,0.0,0.0,0.0,0.0,0.0,0.0,0.0,0.0,0.0,0.0,0.0
805,0.0,0.0,0.0,0.0,0.0,0.0,0.0,0.0,0.0,0.0,0.0,0.0,0.0,0.0,0.0,0.0,0.0
806,0.0,0.0,0.0,0.0,0.0,0.0,0.0,0.0,0.0,0.0,0.0,0.0,0.0,0.0,0.0,0.0,0.0
807,0.0,0.0,0.0,0.0,0.0,0.0,0.0,0.0,0.0,0.0,0.0,0.0,0.0,0.0,0.0,0.0,0.0
808,0.0,0.0,0.0,0.0,0.0,0.0,0.0,0.0,0.0,0.0,0.0,0.0,0.0,0.0,0.0,0.0,0.0
809,0.0,0.0,0.0,0.0,0.0,0.0,0.0,0.0,0.0,0.0,0.0,0.0,0.0,0.0,0.0,0.0,0.0
810,0.0,0.0,0.0,0.0,0.0,0.0,0.0,0.0,0.0,0.0,0.0,0.0,0.0,0.0,0.0,0.0,0.0
811,0.0,0.0,0.0,0.0,0.0,0.0,0.0,0.0,0.0,0.0,0.0,0.0,0.0,0.0,0.0,0.0,0.0
812,0.0,0.0,0.0,0.0,0.0,0.0,0.0,0.0,0.0,0.0,0.0,0.0,0.0,0.0,0.0,0.0,0.0
813,0.0,0.0,0.0,0.0,0.0,0.0,0.0,0.0,0.0,0.0,0.0,0.0,0.0008,0.0,0.0,0.0,0.0
814,0.0,0.0,0.0,0.0,0.0,0.0,0.0,0.0,0.0,0.0,0.0,0.0,0.0,0.0,0.0,0.0,0.0
815,0.0,0.0,0.0,0.0,0.0,0.0,0.0035,0.0,0.0,0.0,0.0,0.0,0.0,0.0,0.0,0.0,0.0
816,0.0,0.0,0.0,0.0,0.0,0.0,0.0177,0.0,0.0,0.0,0.0,0.0,0.0,0.0,0.0,0.0,0.0
817,0.0,0.0,0.0,0.0,0.0,0.0,0.0,0.0,0.0,0.0,0.0,0.0,0.1042,0.0,0.0,0.0,0.0
818,0.0,0.0,0.0,0.0,0.0,0.0,0.0,0.0,0.0,0.0,0.0,0.0,0.1034,0.0,0.0,0.0,0.0
819,0.0,0.0,0.0,0.0,0.0,0.0,0.0,0.0,0.0,0.0,0.0,0.0,0.1572,0.0,0.0,0.0,0.0
820,0.0,0.0,0.0,0.0,0.0,0.0,0.0,0.0,0.0,0.0,0.0,0.0,0.0731,0.0,0.0,0.0,0.0
821,0.0,0.0,0.0,0.0,0.0,0.0,0.0,0.0,0.0,0.0,0.0,0.0,0.0277,0.0,0.0,0.0,0.0
822,0.0,0.0,0.0,0.0,0.0,0.0,0.0,0.0,0.0,0.0,0.0,0.0,0.0,0.0,0.0,0.0,0.0
823,0.0,0.0,0.0,0.0,0.0,0.0,0.0,0.0,0.0,0.0,0.0,0.0,0.0,0.0,0.0,0.0,0.0
824,0.0,0.0,0.0,0.0,0.0,0.0,0.0,0.0,0.0,0.0,0.0,0.0,0.0,0.0,0.0,0.0,0.0
825,0.0,0.0,0.0,0.0,0.0,0.0,0.0,0.0,0.0,0.0,0.0,0.0,0.0,0.0,0.0,0.0,0.0
826,0.0,0.0,0.0,0.0,0.0,0.0,0.0,0.0,0.0,0.0,0.0,0.0,0.0,0.0,0.0,0.0,0.0
827,0.0,0.0,0.0,0.0,0.0,0.0,0.0,0.0,0.0,0.0,0.0,0.0,0.0,0.0,0.0,0.0,0.0
828,0.0,0.0,0.0,0.0,0.0,0.0,0.0,0.0,0.0,0.0,0.0,0.0,0.0,0.0,0.0,0.0,0.0
829,0.0,0.0,0.0,0.0,0.0,0.0,0.0,0.0,0.0,0.0,0.0,0.0,0.0,0.0,0.0,0.0,0.0
830,0.0,0.0,0.0,0.0,0.0,0.0,0.0,0.0,0.0,0.0,0.0,0.0,0.0,0.0,0.0,0.0,0.0
831,0.0,0.0,0.0,0.0,0.0,0.0,0.0,0.0,0.0,0.0,0.0,0.0,0.0,0.0,0.0,0.0,0.0
832,0.0,0.0,0.0,0.0,0.0,0.0,0.0,0.0,0.0,0.0,0.0,0.0,0.0,0.0,0.0,0.0,0.0
833,0.0,0.0,0.0,0.0,0.0,0.0,0.0,0.0,0.0,0.0,0.0,0.0,0.0,0.0,0.0,0.0,0.0
834,0.0,0.0,0.0,0.0,0.0,0.0,0.0,0.0,0.0,0.0,0.0,0.0,0.0,0.0,0.0,0.0,0.0
835,0.0,0.0,0.0,0.0,0.0,0.0,0.0,0.0,0.0,0.0,0.0,0.0,0.0,0.0,0.0,0.0,0.0
836,0.0,0.0,0.0,0.0,0.0,0.0,0.0,0.0,0.0,0.0,0.0,0.0,0.0,0.0,0.0,0.0,0.0
837,0.0,0.0,0.0,0.0,0.0,0.0,0.0,0.0,0.0,0.0,0.0,0.0,0.0084,0.0,0.0,0.0,0.0
838,0.0,0.0,0.0,0.0,0.0,0.0,0.0,0.0,0.0,0.0,0.0,0.0,0.0025,0.0,0.0,0.0,0.0
839,0.0,0.0,0.0,0.0,0.0,0.0,0.0,0.0,0.0,0.0,0.0,0.0,0.0,0.0,0.0,0.0,0.0053
840,0.0,0.0,0.0,0.0,0.0,0.0,0.0,0.0,0.0,0.0,0.0,0.0,0.0,0.0,0.0,0.0049,0.0
841,0.0,0.0,0.0,0.0,0.0,0.0,0.0,0.0,0.0,0.0,0.0,0.0,0.0017,0.0,0.0,0.0,0.0
842,0.0,0.0,0.0,0.0,0.0,0.0,0.0,0.0,0.0,0.0,0.0,0.0,0.0538,0.0,0.0,0.0,0.0
843,0.0,0.0,0.0,0.0,0.0,0.0,0.0,0.0,0.0,0.0,0.0,0.0,0.0017,0.0,0.0,0.0,0.0
844,0.0,0.0,0.0,0.0,0.0,0.0,0.0,0.0,0.0,0.0,0.0,0.0,0.0034,0.0,0.0,0.0,0.0
845,0.0,0.0,0.0,0.0,0.0,0.0,0.0,0.0,0.0,0.0,0.0,0.0,0.0,0.0,0.0,0.0,0.0
846,0.0,0.0,0.0,0.0,0.0,0.0,0.0,0.0,0.0,0.0,0.0,0.0,0.0008,0.0,0.0,0.0,0.0
847,0.0,0.0,0.0,0.0,0.0,0.0,0.0,0.0,0.0,0.0,0.0,0.0,0.0,0.0,0.0,0.0,0.0
848,0.0,0.0,0.0,0.0,0.0,0.0,0.0,0.0,0.0,0.0,0.0,0.0,0.0,0.0,0.0,0.0,0.0
849,0.0,0.0,0.0,0.0,0.0,0.0,0.0,0.0,0.0,0.0,0.0,0.0,0.0,0.0,0.0,0.0049,0.0
850,0.0,0.0,0.0,0.0,0.0,0.0,0.0,0.0,0.0,0.0,0.0,0.0,0.0025,0.0,0.0,0.0,0.0
851,0.0,0.0,0.0,0.0,0.0,0.0,0.0,0.0,0.0,0.0,0.0,0.0,0.0,0.0,0.0,0.0,0.0
852,0.0,0.0,0.0,0.0,0.0,0.0,0.0,0.0,0.0,0.0,0.0,0.0,0.0,0.0,0.0,0.0,0.0
853,0.0,0.54,0.0,0.0201,0.0,0.0,0.0,0.0,0.006,0.0,0.0099,0.0,0.0,0.0,0.0,0.0,0.0
854,0.0,0.0,0.0,0.0029,0.0,0.0,0.0,0.0607,0.0566,0.0246,0.0593,0.0,0.0,0.0,0.0192,0.0,0.0
855,0.0,0.0,0.0,0.0029,0.0,0.0,0.0,0.0,0.0,0.0,0.0099,0.0,0.0,0.0,0.0,0.0,0.0
856,0.0,0.0,0.0,0.0,0.0,0.0,0.0,0.0,0.0,0.0,0.0,0.0,0.0,0.0,0.0,0.0,0.0
857,0.0,0.0,0.0,0.0,0.0,0.0,0.0,0.0,0.0,0.0,0.0,0.0,0.0,0.0,0.0,0.0,0.0
858,0.0,0.0,0.0,0.0,0.0,0.0,0.0,0.0,0.0,0.0,0.6914,0.0,0.0,0.0,0.0,0.0,0.0
859,0.0,0.0,0.0,0.2214,0.0,0.0,0.0,0.1104,0.1697,0.1841,0.0,0.0,0.0908,0.0,0.1729,0.0,0.0
860,0.0,0.0,0.0,0.0,0.0,0.0,0.0,0.0,0.0,0.0,0.0,0.0,0.0,0.0,0.0,0.0098,0.0
861,0.0,0.0,0.0,0.0,0.0,0.0,0.0,0.0,0.0,0.0,0.0,0.0,0.0,0.0,0.0,0.0,0.0
862,0.0,0.0,0.0,0.4054,0.0,0.0,0.0,0.1307,0.2709,0.0246,0.1778,0.0,0.0,0.0,0.634,0.0049,0.0
863,0.0,2.63,0.0298,0.3076,0.0,0.0,0.0406,0.8375,1.0837,0.8102,0.1877,0.4972,0.1471,1.23,0.1921,0.1515,0.0
864,0.021,0.0,0.0,0.0029,0.0928,0.0595,0.0,0.4638,0.3662,0.2946,0.0889,0.0,0.0269,0.0,0.1153,0.0,0.0
865,0.0,0.0,0.0,0.0086,0.0,0.0,0.0,0.0018,0.003,0.0,0.0099,0.0,0.0,0.0,0.0,0.0,0.0
866,0.0,0.0,0.0,0.0,0.0,0.0,0.0,0.0,0.0,0.0,0.0,0.0,0.0,0.0,0.0,0.0,0.0
867,0.966,0.0,0.0,0.0,0.127,0.3374,0.0,0.0,0.0,0.0,0.0,0.0,0.0,0.0,0.0,0.0,0.0
868,0.0,0.0,0.0,0.0,0.0,0.0,0.0,0.0,0.0,0.0,0.0,0.0,0.0,0.0,0.0,0.0,0.0
869,0.0,0.0,0.0,0.0,0.0,0.0,0.0,0.0,0.0,0.0,0.0,0.0,0.0,0.0,0.0,0.0,0.0
870,0.0,0.0,0.0,0.1322,0.0,0.0,0.0,0.0055,0.0506,0.0,0.0,0.0,0.0,0.0,0.4227,0.0,0.0
871,0.168,0.0,0.0,0.2932,0.0,0.0,0.0,0.0018,0.003,0.0,0.0,0.0,0.0,0.0,2.7089,0.0,0.0
872,0.0,0.0,0.0,0.0,0.0,0.0,0.0,0.0,0.0,0.0,0.0,0.0,0.0,0.0,0.0,0.0,0.0
873,0.0,0.0,0.005,0.0517,0.0,0.0,0.0,0.0037,0.0149,0.0123,0.0,0.0,0.0,0.0,0.0,0.0,0.4499
874,0.0,0.0,0.0,0.0,0.0,0.0,0.0,0.0,0.0,0.0,0.0,0.0,0.0,0.0,0.0,0.0,0.0
875,0.0,0.0,0.0,0.0144,0.0,0.0,0.0,0.0037,0.006,0.0,0.0,0.0,0.0,0.0,0.0,0.0049,0.0053
876,0.0,0.0,0.0,0.0086,0.0,0.0,0.0,0.0,0.006,0.0123,0.0099,0.0,0.0,0.0,0.0,0.0,0.0
877,0.0,0.0,0.0,0.0,0.0,0.0,0.316,0.0,0.0,0.0,0.0,0.0,0.0,0.0,0.0,0.0,0.0
878,0.0,0.0,0.0,0.0029,0.0,0.0,0.0,0.0,0.0,0.0,0.0,0.0,0.0,0.0,0.0,0.0,0.0
879,0.0,0.0,0.0,0.0,0.0,0.0,0.0,0.0,0.0,0.0,0.0,0.0,0.0,0.0,0.0,0.0,0.0
880,0.0,0.0,0.0,0.0,0.0,0.0,0.0,0.0,0.0,0.0,0.0,0.0,0.0,0.0,0.0,0.0,0.0
881,0.0,0.0,0.0298,0.0862,0.0,0.0,0.0,0.011,0.0179,0.0246,0.0,0.0,0.0614,0.0,0.0576,0.0,0.0
882,0.0,0.0,0.0,0.0,0.0,0.0,0.0,0.0037,0.0387,0.0123,0.0,0.0,0.0,0.0,0.0192,0.0049,0.0
