TubeID,,,,,1012601,1012603,1012604,1012605,1012607,1012608,1012610,1012611,1012612,1013025,1013026,1013027,1013164,1013165,1013166,1018461,1018462,1018463,1018464,1018465,1018468,1018469
,,,,,FF03771724,FF03771712,FF03771689,FF03771706,FF03771713,FF03771695,FF03771719,FF03771707,FF03771725,FF03790260,FF03790267,FF03790259,FF03771828,FF03771822,FF03790258,FF03791024,FF03791030,FF03791036,FF03791025,FF03791037,FF03791032,FF03791038
4362609.0 k__Bacteria,p__Actinobacteria,c__Actinobacteria,o__Actinomycetales,f__Propionibacteriaceae,0.36629,0,0.01969,1.37324,0,0.00827,0.16883,0.0245,0.01187,0,0.12477,0.0436,0,0,0.06715,0.22187,0.06009,0.29686,0.28885,0.09685,10.33343,0.60932
561797.0 k__Bacteria,p__Proteobacteria,c__Gammaproteobacteria,o__Aeromonadales,f__Succinivibrionaceae,0.03723,0.02193,0.01727,0.02761,0.02551,0.23509,0,0.00732,0.02003,0.02448,0.05136,0.07338,0,0,0,0.03936,0,0,0.01985,0.00835,0,0
4435326.0 k__Bacteria,p__Bacteroidetes,c__Bacteroidia,o__Bacteroidales,f__Bacteroidaceae,2.62671,8.2096,0.74436,2.24707,7.90346,12.12206,5.13532,1.94107,6.83044,8.35737,8.29715,7.35958,4.01115,4.13503,2.85914,7.46883,12.24149,5.08185,6.8387,8.4668,6.04024,6.01336
516688.0 k__Bacteria,p__Bacteroidetes,c__Bacteroidia,o__Bacteroidales,f__Porphyromonadaceae,0.17117,0.79053,0.0934,0.07083,0.73345,0.33753,0.34049,0.14096,0.73648,0.4033,1.30322,0.89888,0.35625,0.28727,0.21184,0.86494,1.39082,0.47725,0.896,1.15962,0.79426,0.9425
326834.0 k__Bacteria,p__Bacteroidetes,c__Bacteroidia,o__Bacteroidales,f__Prevotellaceae,1.33831,9.08979,1.75301,4.16131,9.66865,3.41707,1.88385,2.7012,8.53835,9.05471,12.52442,9.43395,1.88421,2.16247,1.99962,1.17814,0.87863,1.49121,9.02459,5.57743,7.68338,7.66441
214031.0 k__Bacteria,p__Bacteroidetes,c__Bacteroidia,o__Bacteroidales,f__Rikenellaceae,0.96222,0.77701,0.59236,0.46443,1.31263,1.37945,1.00845,0.64763,1.19812,0.72048,10.37893,20.9603,0.71864,0.42355,0.99719,0.72773,1.10887,1.09661,1.36089,0.82707,1.5099,1.84735
267220.0 k__Bacteria,p__Bacteroidetes,c__Bacteroidia,o__Bacteroidales,f__S24-7,0.19854,0.69179,0.51403,0.12683,0.5403,1.25751,0.2558,0.56947,0.63798,0.50596,0.346,0.23202,0.10644,0.9098,0.16968,0.28466,0.1953,0.35618,2.68442,1.17654,2.44527,2.62924
f__unspecific_Bacteroidales,,,,,1.78827,1.85897,0.84074,0.75193,2.01429,1.50262,0.69489,1.05736,1.95171,0.53858,1.75205,1.5028,0.77018,0.94866,0.77864,0.90549,1.51356,0.8791,1.5654,1.61201,1.93282,1.67349
587826.0 k__Bacteria,p__Actinobacteria,c__Actinobacteria,o__Bifidobacteriales,f__Bifidobacteriaceae,3.17008,2.49214,9.78933,8.86268,2.57137,6.97802,2.12108,7.57673,2.73675,5.40797,13.05077,9.83306,2.57494,2.18481,1.54466,2.68884,3.86733,1.74929,1.5761,1.75514,2.04501,1.47549
1777569.0 k__Bacteria,p__Proteobacteria,c__Betaproteobacteria,o__Burkholderiales,f__Alcaligenaceae,0.57368,1.28535,0.88759,0.58669,1.30529,6.66839,0.93945,1.2268,1.22151,1.58445,0.57426,0.65892,1.46568,0.74842,0.68463,1.46984,1.35675,0.94112,2.24547,1.76991,1.91307,1.99012
4441683.0 k__Bacteria,p__Proteobacteria,c__Betaproteobacteria,o__Burkholderiales,f__Comamonadaceae,0.01521,0,0.07393,0.01638,0.00317,0.05472,0.08702,0,0.01387,0,0.10806,0.33712,0.04636,0,0.20705,0.81003,0.17163,5.26619,0.46619,0.84301,0.50626,0.88571
139019.0 k__Bacteria,p__Proteobacteria,c__Betaproteobacteria,o__Burkholderiales,f__Oxalobacteraceae,5.33259,0.04309,0.01431,0.03756,0.01757,0.02617,3.49558,0.03009,0.04919,5.50808,0.37911,0.23182,4.56748,3.42662,3.61822,0.98477,0.34736,0.56907,0.56716,0.31591,0.34184,0.39499
4330856.0 k__Bacteria,p__Proteobacteria,c__Alphaproteobacteria,o__Caulobacterales,f__Caulobacteraceae,6.86472,0,0,0,0,0,5.6722,0,0,0,0.06653,0,6.16907,5.83035,5.22567,0.17685,0.06918,0.70667,0.09316,0.02678,0.09305,0.0235
772393.0 k__Bacteria,p__Firmicutes,c__Clostridia,o__Clostridiales,f__Christensenellaceae,0.04999,0.06289,0.18041,0.18097,0.0582,0.31977,0.15012,0.24409,0.09323,0,0.14666,0.10716,0.03797,0.02539,0.0581,0.13122,0.43449,0.1072,0.33057,0.18897,0.22119,0.2246
343322.0 k__Bacteria,p__Firmicutes,c__Clostridia,o__Clostridiales,f__Clostridiaceae,0.99035,1.82783,2.66818,2.12131,1.5272,0.24321,1.79114,2.01659,1.56113,2.16018,0.46004,1.33846,1.0486,2.4793,1.54289,0.95042,0.87603,0.69409,2.97345,1.64704,2.70786,2.41943
807510.0 k__Bacteria,p__Firmicutes,c__Clostridia,o__Clostridiales,f__Eubacteriaceae,4.54208,0.00371,0,0.05307,0.00479,0.00309,0,0,0.03245,0,0,0,0.02418,0,0,0.03979,0.01315,0.08961,0.0281,0.06608,0.07796,0
2170526.0 k__Bacteria,p__Firmicutes,c__Clostridia,o__Clostridiales,f__Lachnospiraceae,10.79579,25.67567,30.59926,30.66394,25.34567,24.93419,19.59221,29.16957,24.7229,29.10375,9.08988,10.20422,19.21199,20.46626,14.59195,21.525,34.13561,15.08848,21.11939,25.63985,17.87384,21.31076
628226.0 k__Bacteria,p__Firmicutes,c__Clostridia,o__Clostridiales,f__Peptostreptococcaceae,0.04651,0.09027,0.04936,0.13891,0.04536,0.00225,0,0.02788,0.01868,0,0.0123,0.02431,0.06571,0,0,0,0.02302,0,0.02269,0.03395,0.02329,0.07695
770920.0 k__Bacteria,p__Firmicutes,c__Clostridia,o__Clostridiales,f__Ruminococcaceae,11.0107,24.1834,30.54192,27.80283,24.08763,22.64467,20.10728,32.20402,24.69644,18.56566,10.04991,11.08369,15.9407,16.08642,13.30649,13.72981,17.77944,10.72814,19.34287,17.43832,16.7212,18.85729
f__unspecific_Clostridiales,,,,,2.67663,8.58531,12.26212,13.00455,9.55053,4.90815,4.1797,11.86703,9.17549,4.77587,5.08548,5.97434,4.19307,4.07775,3.71299,3.92815,6.31389,4.05517,6.79233,6.9937,7.19789,7.4919
4452756.0 k__Bacteria,p__Firmicutes,c__Clostridia,o__Clostridiales,f__Veillonellaceae,0.56825,1.98819,1.26441,1.01889,1.94449,2.78771,0.56313,1.58671,1.78456,2.05889,1.27574,1.22784,0.6947,0.50874,0.7693,1.35559,2.67248,1.6154,3.18359,2.80257,3.0047,2.76925
4339145.0 k__Bacteria,p__Actinobacteria,c__Coriobacteriia,o__Coriobacteriales,f__Coriobacteriaceae,0.37577,0.38958,0.26374,0.42311,0.28758,0.27331,0.58586,0.32442,0.42765,0.44582,5.29638,4.2268,0.3239,0.60354,0.54516,0.47584,0.8391,0.54632,0.40759,0.79288,0.62037,0.51622
331480.0 k__Bacteria,p__Proteobacteria,c__Deltaproteobacteria,o__Desulfovibrionales,f__Desulfovibrionaceae,3.97878,0.10365,0.22763,0.04756,0.09087,0.13296,0.23874,0.13422,0.13008,0.1732,0.07744,0.0953,0.2319,0.23413,0.08997,0.05659,0.26646,0.05964,0.06117,0.22525,0.17287,0.22487
f__unspecific_Ellin329,,,,,0.07221,0,0,0,0,0.006,0.04373,0,0.00237,0,0,0,0,0,0,0,0,0,0.00895,0,0,0
2445338.0 k__Bacteria,p__Proteobacteria,c__Gammaproteobacteria,o__Enterobacteriales,f__Enterobacteriaceae,0.01636,0.24164,0.05325,0.11104,0.25487,0.01148,0.03468,0.08169,0.19324,1.81602,0.35092,0.23314,0,0.02493,0.00974,0.46647,0.27205,0.41476,0.09341,0.14807,0.44877,0.16303
3932231.0 k__Bacteria,p__Firmicutes,c__Erysipelotrichi,o__Erysipelotrichales,f__Erysipelotrichaceae,4.04172,5.90228,2.67733,2.70274,5.14762,2.62999,1.41892,2.33397,5.48658,4.40272,11.0873,8.21196,1.31315,1.05344,1.54689,1.97813,1.85,1.15712,2.93286,2.74906,1.9917,2.41931
f__unspecific_Flavobacteriales,,,,,0.01833,0,0,0,0,0,0.06974,0,0,0,0.02024,0.05005,0,0,0.21201,0.11549,0.10785,0.29195,0.09447,0.0856,0.31233,0.07723
298592.0 k__Bacteria,p__Fusobacteria,c__Fusobacteriia,o__Fusobacteriales,f__Fusobacteriaceae,0.01833,0.00742,0,0,0,0,0,0.00649,0.02251,0,0,0,0,0,0.01211,0.12935,0.65234,0.08094,0.16466,0.21174,0.02995,0
4379112.0 k__Bacteria,p__Acidobacteria,c__Holophagae,o__Holophagales,f__Holophagaceae,0.10411,0,0,0.21669,0,0,0,0,0,0,0,0,0,0,0,0,0,0,0.00902,0,0.28854,0
f__unspecific_JG30-KF-CM45,,,,,0.01863,0,0,0,0,0,0,0,0,0,0,0,0,0,0,0,0.0041,0,0,0,0,0
301721.0 k__Bacteria,p__Firmicutes,c__Bacilli,o__Lactobacillales,f__Streptococcaceae,0.59045,3.12317,1.32906,0.85879,3.01251,0.7674,0.47118,1.33191,2.72799,1.31957,0.50771,0.52231,0.23632,0.38558,0.61346,0.45862,1.23323,0.7289,0.79377,0.93756,0.51001,1.02591
139922.0 k__Archaea,p__Euryarchaeota,c__Methanobacteria,o__Methanobacteriales,f__Methanobacteriaceae,0.61694,0,0,0,0.02977,0.00887,0,0.00777,0.05951,0,0.03522,0.05499,0.26905,0,2.05684,0.71076,0.01007,0.04362,0.08121,0.03836,0.07472,0.08974
164761.0 k__Bacteria,p__Proteobacteria,c__Betaproteobacteria,o__Neisseriales,f__Neisseriaceae,0.11636,0,0,0,0,0,0,0,0,0,0,0,0,0.03278,0,0,0.06745,0.04997,0.04547,0.02061,0.03233,0.12748
4342625.0 k__Bacteria,p__Proteobacteria,c__Gammaproteobacteria,o__Pasteurellales,f__Pasteurellaceae,0.16276,0.39856,0.11326,0.05524,0.37799,0.03549,0,0.06505,0.3864,0,0.05675,0,0,0,0.04729,0,0.02819,0,0.02205,0.01856,0,0.04653
179300.0 k__Bacteria,p__Proteobacteria,c__Gammaproteobacteria,o__Pseudomonadales,f__Moraxellaceae,0.26739,0.00913,0,0,0.02301,0.06022,0.17253,0,0.01292,0.45161,0,0.04135,0.56696,1.8231,0.2804,2.02981,1.39524,19.59296,1.33928,1.07711,1.13236,1.34234
4443276.0 k__Bacteria,p__Proteobacteria,c__Gammaproteobacteria,o__Pseudomonadales,f__Pseudomonadaceae,0.43669,0,0,0,0,0.00195,0.13291,0.00752,0.00231,0.46892,0.29338,0.15105,0.25381,0.25933,0.10541,5.31411,1.39269,5.60371,3.62676,1.04045,3.01959,2.9884
f__unspecific_RF32,,,,,0.14891,0.50848,0.1124,0.30323,0.40578,0.56526,0.44717,0.22815,0.39164,0.49778,0.33303,0.53718,0.72575,0.41599,0.51202,0.9958,1.91134,0.40211,0.68336,1.22749,0.50556,0.56361
653104.0 k__Bacteria,p__Proteobacteria,c__Alphaproteobacteria,o__Rhizobiales,f__Bradyrhizobiaceae,0.11194,0,0,0,0,0,0.05158,0,0,0,0.01264,0,0.05915,0.03955,0.10182,0.04928,0.03962,0.02783,0.02232,0.00292,0.013,0.01908
246850.0 k__Bacteria,p__Proteobacteria,c__Alphaproteobacteria,o__Rhizobiales,f__Methylobacteriaceae,33.96928,0,0,0,0,0,26.21721,0,0,0,0,0,31.05612,27.56747,24.30967,0.05673,0.01599,0.48947,0.05904,0.04232,0.04051,0.10303
1008887.0 k__Bacteria,p__Proteobacteria,c__Alphaproteobacteria,o__Rhizobiales,f__Methylocystaceae,0.11205,0,0,0.14518,0,0,0.13725,0,0,0,0,0,0.08197,0.16078,0.1547,0.02158,0,0.00857,0.02826,0,0.30467,0
f__unspecific_Rhizobiales,,,,,0.06766,0,0.00239,0,0,0,0,0,0,0.19293,0.00603,0,0.03177,0.02124,0,0.01568,0,0,0.0136,0.02099,0,0.01708
4382812.0 k__Bacteria,p__Proteobacteria,c__Alphaproteobacteria,o__Rhodobacterales,f__Rhodobacteraceae,0.03836,0,0,0,0,0,0,0,0,0,0,0.01417,0,0.0295,0,0.01089,0.01944,0.09399,0.07552,0.0159,0.0452,0.06282
f__unspecific_SHA-98,,,,,0.02634,0,0.00373,0,0,0.00638,0,0.01684,0,0,0,0,0,0,0,0,0,0.02196,0,0.00961,0,0
72153.0 k__Bacteria,p__Proteobacteria,c__Alphaproteobacteria,o__Sphingomonadales,f__Sphingomonadaceae,0.0622,0.00894,0,0,0,0,0.10902,0,0,0,0.28942,0.00578,0.17999,0.12637,0.01807,0.63299,0.65294,6.59454,0.5079,0.25671,0.50147,0.47083
f__unspecific_Streptophyta,,,,,0.01856,0.00267,0,0,0.00345,0,0.059,0,0,0,0.04909,0.01746,0.04228,0.0754,0,0.12526,0.01429,0.17465,0.0684,0.01524,0.04338,0.02729
f__unspecific_Bacteroidetes,,,,,0.07332,0,0,0,0,0,0.01395,0,0.0075,0,0,0.00402,0,0,0,0,0,0,0.05938,0.05181,0.08985,0
f__unspecific_Betaproteobacteria,,,,,0.04834,0,0.05113,0.02916,0,0.02811,0,0.00733,0,0,0,0,0,0,0,0.01208,0.02836,0,0.01739,0,0.21749,1.39509
f__unspecific_Lentisphaerae,,,,,0.04864,0.03613,0.22224,0.01467,0.03012,0.32291,0,0.2536,0.04373,0.01301,0.28917,0.25202,0.03079,0,0.01413,0.00608,0.02319,0,0.19791,0.06214,0.04061,0.13509
161403.0 k__Bacteria,p__Verrucomicrobia,c__Verrucomicrobiae,o__Verrucomicrobiales,f__Verrucomicrobiaceae,0.06445,0.44245,0.73424,0.29163,0.46399,2.5281,0.45536,0.91393,0.44193,0,2.32933,3.17057,0.1958,0.42554,0.22472,0.08458,0.71258,0.42995,0.31389,0.49317,0.13989,0.14741
f__unspecific_YS2,,,,,0.24978,0.47583,0.50816,0.48978,0.38093,1.37682,0.19119,0.57902,0.41804,0.25884,0.41044,0.148,0.08695,0.15858,0.76812,1.6508,0.91371,0.83567,3.27625,1.72465,2.43974,3.61486
4299270.0 k__Bacteria,p__Actinobacteria,c__Actinobacteria,o__Actinomycetales,f__Actinomycetaceae,0,0.05176,0.09349,0,0.07098,0.02894,0.06313,0.08261,0.07727,0,0.05826,0.03737,0,0,0.04154,0.0402,0.05504,0,0.21459,0.01672,0,0.04087
1042616.0 k__Bacteria,p__Actinobacteria,c__Actinobacteria,o__Actinomycetales,f__Corynebacteriaceae,0,0.01768,0.05967,0,0.02285,0.00511,0.0993,0.06179,0.04032,0,0.18347,0.19471,0.13343,0,0.06125,0.43477,0.16621,0.28044,0.71603,0.11863,0.11146,0.79213
815665.0 k__Bacteria,p__Tenericutes,c__Mollicutes,o__Anaeroplasmatales,f__Anaeroplasmataceae,0,0.18337,0.18632,0.20479,0.17199,0.03788,0.34883,0.21705,0.15345,0,0.03562,0,0.07812,0.04179,0,0.18513,0.21726,0.57345,0.17393,0.06758,0.14426,0.02689
819839.0 k__Bacteria,p__Firmicutes,c__Bacilli,o__Bacillales,f__Staphylococcaceae,0,0.00675,0,0,0.02034,0.00606,0,0,0,0,0.02858,0,0.03563,0.03177,0,0,0.02065,0,0.05425,0.07991,0.02089,0.34296
568326.0 k__Bacteria,p__Firmicutes,c__Clostridia,o__Clostridiales,f__Dehalobacteriaceae,0,0.00377,0,0,0,0.00509,0,0,0.00301,0,0,0,0,0,0.02287,0,0,0,0.02844,0,0,0
4326496.0 k__Bacteria,p__Firmicutes,c__Clostridia,o__Clostridiales,f__Peptococcaceae,0,0.01024,0.10004,0.03613,0.00545,0.54484,0.01926,0.0134,0.35678,0.17641,0.72189,0,0,0,2.13122,5.30592,0.08959,0.10362,0.2034,4.07745,0.1686,0.64095
686789.0 k__Bacteria,p__Firmicutes,c__Bacilli,o__Lactobacillales,f__Carnobacteriaceae,0,0.01291,0,0,0,0,0,0,0,0,0.38644,0.01877,0,0,0,0,0.01975,0,0,0,0.04868,0.01467
309133.0 k__Bacteria,p__Firmicutes,c__Bacilli,o__Lactobacillales,f__Enterococcaceae,0,0.2196,0.0102,0,0.27402,0.00634,0.04072,0.05529,0.21697,0,0.02665,0.07245,0,0,0,0.38364,0.4312,3.72448,0.19369,0.00789,0.11067,0.33556
4413327.0 k__Bacteria,p__Firmicutes,c__Bacilli,o__Lactobacillales,f__Lactobacillaceae,0,0.04744,0.03939,0,0.0267,0.12003,0.13536,0.05278,0.04561,0,0.10875,0.02419,0,0,0,0.15279,0,0.00856,0.07399,0.13619,0.01348,0
1117319.0 k__Bacteria,p__Firmicutes,c__Bacilli,o__Lactobacillales,f__Leuconostocaceae,0,0.00667,0,0,0.00862,0,0,0,0,0,0,0.00971,0,0,0,0,0.04858,0,0.06864,0.03388,0,0
f__unspecific_Lactobacillales,,,,,0,0.00655,0.00645,0,0.0362,0.00343,0,0,0.07696,0,0.07448,0.01481,0,0,0,0,0,0,0,0,0.03042,0
f__unspecific_ML615J-28,,,,,0,0.06864,0.02888,0,0.10065,0.05952,0,0.07354,0.06452,0,0.04554,0.00556,0.0144,0.02968,0.03634,0.03696,0.09469,0.0318,0.09178,0.0901,0.10268,0.10975
f__unspecific_RF39,,,,,0,0.01114,0.00548,0,0,0.02066,0.02738,0.01859,0.01112,0.18654,0.08014,0,0.02943,0,0.34907,0.03633,0.03411,0,0.08822,0.05658,0.1747,0.15195
368490.0 k__Bacteria,p__Firmicutes,c__Bacilli,o__Turicibacterales,f__Turicibacteraceae,0,0.00418,0,0.03946,0.0324,0.00282,0,0.00697,0.02168,0,0.00699,0.02735,0,0,0.01689,0,0.07035,0.02424,0.00945,0.04244,0,0.0095
f__unspecific_Bacteria,,,,,0,0.01855,0.00449,0,0,0.0041,0,0.01692,0.01458,0,0.01444,0.0139,0,1.09825,0,0.00924,0.23937,0.00867,0,0.01287,0,0.02845
f__unspecific_Firmicutes,,,,,0,0.00332,0.00327,0.0209,0.00429,0.00224,0,0,0.02253,0,0.02221,0.00724,0,0,0,0,0,0,0,0,0,0
49877.0 k__Bacteria,p__Actinobacteria,c__Actinobacteria,o__Actinomycetales,f__Micrococcaceae,0,0,0.03386,0,0,0.00335,0,0.02219,0.00575,0,0,0.01447,0,0.45943,0.13318,0.05595,0.12184,0.19284,0.09001,0.01685,0.16159,0.23173
676447.0 k__Bacteria,p__Firmicutes,c__Bacilli,o__Bacillales,f__Bacillaceae,0,0,0.00298,0,0,0.00306,0,0,0,0.4707,0,0.03353,0,0,0,0,0.05072,0.74007,0.35632,0.03853,0,0.03449
f__unspecific_Burkholderiales,,,,,0,0,0.00586,0,0.01248,0.01537,0,0,0.00408,0,0.0089,0,0,0,0.01817,0,0,0,0,0,0.02995,0
4352677.0 k__Bacteria,p__Proteobacteria,c__Epsilonproteobacteria,o__Campylobacterales,f__Campylobacteraceae,0,0,0.01333,0,0,0,0,0.0082,0.01669,0,0,0.00779,0,0,0,0,0,0,0.04447,0,0,0.01676
775866.0 k__Bacteria,p__Firmicutes,c__Clostridia,o__Clostridiales,f__Syntrophomonadaceae,0,0,0.00758,0,0,0.07436,0,0,0.80479,0,0,0,0,0,3.26643,4.6168,0.08245,0,0,0.49824,0,0
150935.0 k__Bacteria,p__Proteobacteria,c__Alphaproteobacteria,o__Rhizobiales,f__Hyphomicrobiaceae,0,0,0.00936,0.10473,0,0,0,0,0,0,0,0.00864,0,0,0,0,0,0.00591,0.0215,0.01674,0.39746,0.18905
245298.0 k__Bacteria,p__Proteobacteria,c__Betaproteobacteria,o__Rhodocyclales,f__Rhodocyclaceae,0,0,0.16424,0.15788,0.01192,0.16823,0.05412,0,0.22342,0.3562,0.36816,0.0059,0,0.02291,0.63809,1.77702,0.0124,0,0.07241,1.3941,0.59143,1.3229
f__unspecific_Alphaproteobacteria,,,,,0,0,0.00496,0,0,0,0,0,0,0,0.06538,0.01053,0,0,0.01463,0,0,0,0,0,0,0
f__unspecific_Opitutae,,,,,0,0,0.01065,0,0,0.00456,0.01995,0.01505,0,0,0,0,0.03574,0.05736,0,0,0,0.01345,0.00408,0.02061,0.022,0
f__unspecific_Proteobacteria,,,,,0,0,0.00524,0,0,0,0,0,0,0,0,0,0,0,0,0,0,0,0,0,0,0
f__unspecific_ssigne,,,,,0,0,0,0.03627,0,0.00243,0,0,0,0,0,0.00834,0.02159,0,0,0,0,0,0,0.00901,0,0.01626
170834.0 k__Bacteria,p__Actinobacteria,c__Actinobacteria,o__Actinomycetales,f__Microbacteriaceae,0,0,0,0,0.00414,0.00254,0,0,0,0,0,0,0,0,0,0.06377,0.01243,0.04153,0.01418,0,0,0.1055
828284.0 k__Bacteria,p__Proteobacteria,c__Gammaproteobacteria,o__Aeromonadales,f__Aeromonadaceae,0,0,0,0,0.00701,0,0,0,0,0,0,0,0,0,0,0,0,0,0,0.01721,0,0
290674.0 k__Bacteria,p__Firmicutes,c__Bacilli,o__Bacillales,f__Planococcaceae,0,0,0,0,0.00963,0,0,0.00497,0,0,0.01296,0,0,0,0,0,0,0,0,0,0,0
4323059.0 k__Bacteria,p__Firmicutes,c__Bacilli,o__Gemellales,f__Gemellaceae,0,0,0,0,0.00804,0,0,0.01383,0,0,0,0,0,0,0,0,0.01428,0,0,0,0,0.03535
f__unspecific_TM7-3,,,,,0,0,0,0,0.00423,0.00331,0,0,0.00392,0,0,0,0,0,0,0,0,0.01084,0,0.00415,0,0
741867.0 k__Bacteria,p__Actinobacteria,c__Actinobacteria,o__Actinomycetales,f__Dermabacteraceae,0,0,0,0,0,0.00227,0,0,0,0,0,0,0,0,0,0,0,0,0.01256,0,0,0
208141.0 k__Bacteria,p__Proteobacteria,c__Betaproteobacteria,o__Burkholderiales,f__Burkholderiaceae,0,0,0,0,0,0.00357,0.01395,0,0,0,0.00107,0,0,0,0,0,0,0,0,0,0.00377,0
139607.0 k__Bacteria,p__Firmicutes,c__Clostridia,o__Clostridiales,f__EtOH8,0,0,0,0,0,0.02295,0,0,0.01963,0,0,0,0,0,0.09939,0.29107,0,0,0,0.10085,0,0
1122185.0 k__Bacteria,p__Firmicutes,c__Clostridia,o__Clostridiales,f__Gracilibacteraceae,0,0,0,0,0,0.03766,0,0,0.009,0,0.77542,0,0,0,0,0,0,0,0,0.47077,0,0
f__unspecific_CW040,,,,,0,0,0,0,0,0.00441,0,0,0,0,0,0,0,0,0,0,0,0,0,0,0,0
636430.0 k__Bacteria,p__Proteobacteria,c__Alphaproteobacteria,o__Rhizobiales,f__Xanthobacteraceae,0,0,0,0,0,0.00225,0,0,0,0,0.00894,0,0,0,0,0,0,0,0,0,0,0
339472.0 k__Bacteria,p__Proteobacteria,c__Alphaproteobacteria,o__Rhodospirillales,f__Rhodospirillaceae,0,0,0,0,0,0.00161,0,0,0,0,0,0,0,0,0,0,0,0,0,0.0076,0,0
f__unspecific_SBla14,,,,,0,0,0,0,0,0.00415,0,0,0,0,0,0,0,0,0,0,0,0,0,0,0,0.01868
544426.0 k__Bacteria,p__Acidobacteria,c__Solibacteres,o__Solibacterales,f__Solibacteraceae,0,0,0,0,0,0.00083,0,0,0,0,0,0,0,0,0,0,0,0,0,0,0,0
f__unspecific_Solibacterales,,,,,0,0,0,0,0,0.02551,0,0,0.06302,0,0,0,0,0,0.21201,0.68373,0,0,0,0.06983,0,0
1115611.0 k__Bacteria,p__Spirochaetes,c__Spirochaetes,o__Spirochaetales,f__Spirochaetaceae,0,0,0,0,0,0.05901,0,0,0.46374,0,0,0,0,0,5.48467,4.96081,0,0,0,0.34852,0,0
f__unspecific_Thermoanaerobacterales,,,,,0,0,0,0,0,0.12253,0,0,0.47338,0,0.11705,0,0,0,3.34309,4.66392,0.01739,0,0,1.95842,0.02111,0
f__unspecific_Clostridia,,,,,0,0,0,0,0,0.00375,0,0,0,0,0,0,0,0,0,0,0,0,0,0,0,0
571864.0 k__Bacteria,p__Actinobacteria,c__Actinobacteria,o__Actinomycetales,f__Gordoniaceae,0,0,0,0,0,0,0.03412,0,0,0,0,0,0.01223,0.01635,0.01403,0,0,0.01151,0,0,0.00538,0
f__unspecific_Bacillales,,,,,0,0,0,0,0,0,0.07039,0,0,0,0.00958,0.01302,0,0,0,0,0,0.07805,0.04859,0.04055,0,0
552696.0 k__Bacteria,p__Elusimicrobia,c__Elusimicrobia,o__Elusimicrobiales,f__Elusimicrobiaceae,0,0,0,0,0,0,0.03691,0,0,0,0,0,0,0,0,0,0,0,0,0,0,0
554553.0 k__Bacteria,p__Proteobacteria,c__Alphaproteobacteria,o__Rhodospirillales,f__Acetobacteraceae,0,0,0,0,0,0,0,0.00591,0.00571,0,0,0,0,0,0.04297,0.0231,0,0.31414,0,0,0.0288,0
740579.0 k__Bacteria,p__Bacteroidetes,c__Bacteroidia,o__Bacteroidales,f__RF16,0,0,0,0,0,0,0,0,0.01651,0,0,0,0,0,0,0,0,0,0.0081,0,0,0
4476462.0 k__Bacteria,p__Tenericutes,c__Mollicutes,o__Acholeplasmatales,f__Acholeplasmataceae,0,0,0,0,0,0,0,0,0,0,0.24798,0,0,0,0,0,0,0,0,0,0,0
4458214.0 k__Bacteria,p__Actinobacteria,c__Actinobacteria,o__Actinomycetales,f__Nocardioidaceae,0,0,0,0,0,0,0,0,0,0,0.00253,0,0,0,0,0.04275,0.01784,0,0,0.00278,0.00879,0.00573
1764742.0 k__Bacteria,p__Firmicutes,c__Bacilli,o__Lactobacillales,f__Aerococcaceae,0,0,0,0,0,0,0,0,0,0,0.02007,0,0,0,0,0.98727,0.05828,4.42385,0.58976,0.16474,0.89371,0.32736
693329.0 k__Bacteria,p__Proteobacteria,c__Betaproteobacteria,o__Methylophilales,f__Methylophilaceae,0,0,0,0,0,0,0,0,0,0,0.02332,0,0,0,0,0,0,0,0,0,0,0
4444272.0 k__Bacteria,p__Synergistetes,c__Synergistia,o__Synergistales,f__Synergistaceae,0,0,0,0,0,0,0,0,0,0,0.01734,0.01063,0,0,0,0,0,0,0,0,0,0
f__unspecific_Bacilli,,,,,0,0,0,0,0,0,0,0,0,0,0.00296,0.04285,0,0,0,0,0,0,0,0,0,0
f__unspecific_VC2_1_Bac22,,,,,0,0,0,0,0,0,0,0,0,0,0.00375,0,0,0,0,0,0,0,0,0,0,0
155471.0 k__Bacteria,p__Proteobacteria,c__Gammaproteobacteria,o__Alteromonadales,f__Shewanellaceae,0,0,0,0,0,0,0,0,0,0,0,0.00346,0,0,0,0,0,0,0,0,0,0
826084.0 k__Bacteria,p__Proteobacteria,c__Deltaproteobacteria,o__Myxococcales,f__Cystobacterineae,0,0,0,0,0,0,0,0,0,0,0,0.02335,0,0,0,0,0,0,0,0,0,0
4408272.0 k__Bacteria,p__Proteobacteria,c__Alphaproteobacteria,o__Rickettsiales,f__mitochondria,0,0,0,0,0,0,0,0,0,0,0,0.04171,0,0,0,0,0,0.01734,0.0054,0.00676,0.02139,0
f__unspecific_CK-1C4-19,,,,,0,0,0,0,0,0,0,0,0,0,0,0.00556,0,0,0,0,0,0,0,0,0,0
f__unspecific_Tenericutes,,,,,0,0,0,0,0,0,0,0,0,0,0,0.08254,0,0,0,0,0,0,0,0,0,0
1667535.0 k__Bacteria,p__Actinobacteria,c__Actinobacteria,o__Actinomycetales,f__Intrasporangiaceae,0,0,0,0,0,0,0,0,0,0,0,0,0.01542,0,0,0,0,0.06762,0,0.01023,0,0.02554
f__unspecific_Natranaerobiales,,,,,0,0,0,0,0,0,0,0,0,0,0,0,0.051,0,0,0,0,0,0,0,0,0
4330770.0 k__Bacteria,p__Actinobacteria,c__Actinobacteria,o__Actinomycetales,f__Nocardiaceae,0,0,0,0,0,0,0,0,0,0,0,0,0,0.0149,0.01405,0,0,0.01152,0,0,0,0
593162.0 k__Bacteria,p__Proteobacteria,c__Alphaproteobacteria,o__Rhizobiales,f__Rhizobiaceae,0,0,0,0,0,0,0,0,0,0,0,0,0,0.04706,0,0.03185,0,0.02943,0.02678,0,0.01705,0
157567.0 k__Bacteria,p__Proteobacteria,c__Alphaproteobacteria,o__Sphingomonadales,f__Erythrobacteraceae,0,0,0,0,0,0,0,0,0,0,0,0,0,0.0424,0.01617,0.17218,0.01225,0.19229,0.09653,0.05587,0.14404,0.12735
338568.0 k__Bacteria,p__Actinobacteria,c__Actinobacteria,o__Actinomycetales,f__Cellulomonadaceae,0,0,0,0,0,0,0,0,0,0,0,0,0,0,0.02369,0,0,0.00756,0.01326,0,0,0
2714750.0 k__Bacteria,p__Chloroflexi,c__Anaerolineae,o__Anaerolineales,f__Anaerolinaceae,0,0,0,0,0,0,0,0,0,0,0,0,0,0,0.02825,0.02278,0,0,0,0,0,0
232138.0 k__Bacteria,p__Proteobacteria,c__Gammaproteobacteria,o__Xanthomonadales,f__Sinobacteraceae,0,0,0,0,0,0,0,0,0,0,0,0,0,0,0.02423,0,0,0,0,0,0,0
246903.0 k__Bacteria,p__Actinobacteria,c__Actinobacteria,o__Actinomycetales,f__Streptomycetaceae,0,0,0,0,0,0,0,0,0,0,0,0,0,0,0,0.01169,0,0,0,0,0,0
f__unspecific_Chlorophyta,,,,,0,0,0,0,0,0,0,0,0,0,0,0,0,0,0,0.03479,0,0.05527,0,0,0,0
4466383.0 k__Bacteria,p__Proteobacteria,c__Gammaproteobacteria,o__Oceanospirillales,f__Alcanivoracaceae,0,0,0,0,0,0,0,0,0,0,0,0,0,0,0,0.03719,0.00546,0,0.05644,0.11086,0.03312,0
f__unspecific_Acidobacteria,,,,,0,0,0,0,0,0,0,0,0,0,0,0,0,0,0,0.06006,0,0,0.0135,0,0,0
241541.0 k__Bacteria,p__Actinobacteria,c__Actinobacteria,o__Actinomycetales,f__Bogoriellaceae,0,0,0,0,0,0,0,0,0,0,0,0,0,0,0,0,0.01007,0,0,0,0,0
687009.0 k__Bacteria,p__Firmicutes,c__Bacilli,o__Bacillales,f__Paenibacillaceae,0,0,0,0,0,0,0,0,0,0,0,0,0,0,0,0,0.01709,0,0.00919,0,0.04009,0
f__unspecific_BD7-3,,,,,0,0,0,0,0,0,0,0,0,0,0,0,0,0,0,0,0.00761,0,0,0.01262,0,0
2170526.0 k__Bacteria,p__Firmicutes,c__Clostridia,o__Clostridiales,f__Lachnospiraceae,0,0,0,0,0,0,0,0,0,0,0,0,0,0,0,0,0.01841,0,0,0,0,0
2203624.0 k__Bacteria,p__Bacteroidetes,c__Cytophagia,o__Cytophagales,f__Cytophagaceae,0,0,0,0,0,0,0,0,0,0,0,0,0,0,0,0,0.02893,0,0.09987,0.04505,0.01711,0
4365279.0 k__Bacteria,p__Thermotogae,c__Thermotogae,o__Thermotogales,f__Thermotogaceae,0,0,0,0,0,0,0,0,0,0,0,0,0,0,0,0,0.01269,0,0,0,0,0
578475.0 k__Bacteria,p__Proteobacteria,c__Gammaproteobacteria,o__Thiotrichales,f__Piscirickettsiaceae,0,0,0,0,0,0,0,0,0,0,0,0,0,0,0,0,0.01386,0,0,0,0,0
f__unspecific_TM7-1,,,,,0,0,0,0,0,0,0,0,0,0,0,0,0,0,0,0,0.01001,0,0,0,0,0
f__unspecific_WD2101,,,,,0,0,0,0,0,0,0,0,0,0,0,0,0,0,0,0,0.0605,0,0,0,0,0
279074.0 k__Bacteria,p__Proteobacteria,c__Gammaproteobacteria,o__Xanthomonadales,f__Xanthomonadaceae,0,0,0,0,0,0,0,0,0,0,0,0,0,0,0,0,0.02926,0.00975,0,0.01532,0.01401,0
f__unspecific_Acidimicrobiales,,,,,0,0,0,0,0,0,0,0,0,0,0,0,0,0,0,0,0,0.01187,0,0,0.01663,0
4421706.0 k__Bacteria,p__Actinobacteria,c__Actinobacteria,o__Actinomycetales,f__Brevibacteriaceae,0,0,0,0,0,0,0,0,0,0,0,0,0,0,0,0,0,0.01405,0.00852,0.00897,0.01641,0.03212
292428.0 k__Bacteria,p__Actinobacteria,c__Actinobacteria,o__Actinomycetales,f__Jonesiaceae,0,0,0,0,0,0,0,0,0,0,0,0,0,0,0,0,0,0.00744,0,0,0.05213,0
348543.0 k__Bacteria,p__Aquificae,c__Aquificae,o__Aquificales,f__Aquificaceae,0,0,0,0,0,0,0,0,0,0,0,0,0,0,0,0,0,0.02591,0,0,0,0
42256.0 k__Bacteria,p__Fusobacteria,c__Fusobacteriia,o__Fusobacteriales,f__Leptotrichiaceae,0,0,0,0,0,0,0,0,0,0,0,0,0,0,0,0,0,0.00578,0,0.01126,0,0
f__unspecific_Spirobacillales,,,,,0,0,0,0,0,0,0,0,0,0,0,0,0,0,0,0,0,0.00976,0,0,0,0
f__unspecific_Verrucomicrobia,,,,,0,0,0,0,0,0,0,0,0,0,0,0,0,0,0,0,0,0.00885,0,0,0,0
2651333.0 k__Bacteria,p__Actinobacteria,c__Actinobacteria,o__Actinomycetales,f__Mycobacteriaceae,0,0,0,0,0,0,0,0,0,0,0,0,0,0,0,0,0,0,0.00573,0,0,0
4396739.0 k__Bacteria,p__Proteobacteria,c__Epsilonproteobacteria,o__Campylobacterales,f__Helicobacteraceae,0,0,0,0,0,0,0,0,0,0,0,0,0,0,0,0,0,0,0.0108,0,0,0
765491.0 k__Bacteria,p__Proteobacteria,c__Gammaproteobacteria,o__Legionellales,f__Legionellaceae,0,0,0,0,0,0,0,0,0,0,0,0,0,0,0,0,0,0,0.00693,0.01709,0,0
f__unspecific_Myxococcales,,,,,0,0,0,0,0,0,0,0,0,0,0,0,0,0,0,0,0,0,0.00181,0,0,0
164668.0 k__Bacteria,p__Proteobacteria,c__Alphaproteobacteria,o__Rhizobiales,f__Beijerinckiaceae,0,0,0,0,0,0,0,0,0,0,0,0,0,0,0,0,0,0,0.0135,0,0,0
f__unspecific_Chlorobi,,,,,0,0,0,0,0,0,0,0,0,0,0,0,0,0,0,0,0,0,0.01081,0,0,0
f__unspecific_FBP,,,,,0,0,0,0,0,0,0,0,0,0,0,0,0,0,0,0,0,0,0.01889,0,0,0
4414004.0 k__Bacteria,p__Acidobacteria,c__Acidobacteriia,o__Acidobacteriales,f__Acidobacteriaceae,0,0,0,0,0,0,0,0,0,0,0,0,0,0,0,0,0,0,0,0.01126,0,0
f__unspecific_d153,,,,,0,0,0,0,0,0,0,0,0,0,0,0,0,0,0,0,0,0,0,0.01467,0,0
f__unspecific_Ellin6067,,,,,0,0,0,0,0,0,0,0,0,0,0,0,0,0,0,0,0,0,0,0.00849,0,0
136336.0 k__Bacteria,p__Bacteroidetes,c__Flavobacteriia,o__Flavobacteriales,f__Flavobacteriaceae,0,0,0,0,0,0,0,0,0,0,0,0,0,0,0,0,0,0,0,0.01186,0,0
4334174.0 k__Bacteria,p__Proteobacteria,c__Gammaproteobacteria,o__Legionellales,f__Coxiellaceae,0,0,0,0,0,0,0,0,0,0,0,0,0,0,0,0,0,0,0,0.01094,0,0
f__unspecific_Sphingomonadales,,,,,0,0,0,0,0,0,0,0,0,0,0,0,0,0,0,0,0,0,0,0.01489,0,0
516561.0 k__Bacteria,p__Actinobacteria,c__Actinobacteria,o__Actinomycetales,f__Actinosynnemataceae,0,0,0,0,0,0,0,0,0,0,0,0,0,0,0,0,0,0,0,0,0.00348,0
f__unspecific_Actinomycetales,,,,,0,0,0,0,0,0,0,0,0,0,0,0,0,0,0,0,0,0,0,0,0.01868,0
f__unspecific_EW055,,,,,0,0,0,0,0,0,0,0,0,0,0,0,0,0,0,0,0,0,0,0,0.0076,0
f__unspecific_ZB2,,,,,0,0,0,0,0,0,0,0,0,0,0,0,0,0,0,0,0,0,0,0,0.02707,0
241899.0 k__Bacteria,p__Actinobacteria,c__Actinobacteria,o__Actinomycetales,f__Frankiaceae,0,0,0,0,0,0,0,0,0,0,0,0,0,0,0,0,0,0,0,0,0,0.00693
34447.0 k__Bacteria,p__Actinobacteria,c__Actinobacteria,o__Actinomycetales,f__Nakamurellaceae,0,0,0,0,0,0,0,0,0,0,0,0,0,0,0,0,0,0,0,0,0,0.00694
660112.0 k__Bacteria,p__Firmicutes,c__Bacilli,o__Bacillales,f__Thermoactinomycetaceae,0,0,0,0,0,0,0,0,0,0,0,0,0,0,0,0,0,0,0,0,0,0.08479
534610.0 k__Bacteria,p__Chloroflexi,c__Dehalococcoidetes,o__Dehalococcoidales,f__Dehalococcoidaceae,0,0,0,0,0,0,0,0,0,0,0,0,0,0,0,0,0,0,0,0,0,0.02002
f__unspecific_SC-I-84,,,,,0,0,0,0,0,0,0,0,0,0,0,0,0,0,0,0,0,0,0,0,0,0.0219
