,GID,Site_2,Site_5,Site_11,Site_12,Site_14,Site_23,Site_30,Site_32,Site_34,Site_36,Site_37,Site_41,Site_42,Site_43,Site_44,Site_45,Site_46,Site_47,Site_48,Site_49,Site_50,Site_51,Site_52,Site_53,Site_54,Site_55,Site_56,Site_61,Site_62,Site_63
5,6,1.05,0.1179,0.0,0.0,0.0,0.0,0.0364,0.0,0.3542,0.0,0.3792,0.2135,1.0343,4.9454,0.0043,0.0,0.1631,0.5131,0.0,0.0,0.2365,0.0,0.0,0.4496,0.0,0.0,0.0,0.0,0.5317,0.6803
6,7,0.0,0.1409,1.147,0.0022,44.1188,0.0,0.2401,0.0,0.0,0.0012,0.1083,0.2316,0.0,0.0064,0.0,0.0,0.0,0.0012,0.4164,0.0,0.0,0.0,0.0,0.0,0.0013,0.0,0.0,0.0186,0.0462,0.1003
7,8,0.0,0.0,0.0,0.0,0.0,0.0,0.0,0.0,0.0179,0.0,0.0,0.0,0.1089,0.0107,0.0,0.0,0.0,0.0,0.0,0.0,0.0,0.0,0.0,0.0,0.0,0.0,0.0,0.0,0.0,0.0
8,9,0.0,0.0,0.0,0.0,0.0,0.0,0.0,0.0,0.0,0.0,0.0271,0.0211,0.0,0.0,0.0,0.0,0.0,0.0,0.0,0.0,0.0,0.0,0.0,0.0,0.0,0.0,0.0,0.0,0.0,0.0
10,11,0.0,0.0,0.0,0.0,0.0,0.0,0.0,0.0,0.0,0.0,0.0,0.0301,0.0,0.0,0.0,0.0,0.0,0.0,0.0,0.0,0.0,0.0,0.0,0.0,0.0,0.0,0.0,0.0186,0.0,0.0131
11,12,0.0,0.0,0.0,0.0,0.0,0.0,0.0,0.0,0.0,0.0,0.0,0.0,0.0,0.0,0.0,0.0,0.0,0.0,0.0,0.0,0.0,0.0,0.0,0.0,0.0,0.0,0.0,0.0,0.0,0.0174
12,13,0.0,0.0,0.0,0.0,0.0,49.53,0.0,0.0,0.0,0.0,0.0,0.0,0.0,0.0,0.0,0.0,0.0,0.0,0.0,0.0,0.0,0.0,0.0,0.0,0.0,0.0,0.0,0.0,0.0,0.0
16,17,0.126,0.9487,0.0292,0.0,0.0072,0.0,1.9304,8.84,0.4752,0.0,1.571,1.3354,3.5384,1.5999,10.3039,0.0036,0.169,1.089,9.2996,1.1702,1.8329,0.0032,0.0,41.7533,0.0135,16.6715,2.6088,0.7624,1.9186,2.0323
17,18,0.357,0.0776,0.5273,0.0,0.0,0.0,0.1649,0.0,0.0717,0.0,0.0271,0.0361,0.1089,0.0086,0.0086,0.0,0.0438,0.0182,0.0,0.0,0.0,0.0032,0.0,0.0,0.0027,0.0,0.0,0.0744,0.0231,0.0829
19,20,0.0,0.023,0.0,0.0,0.0,0.0,0.194,0.0,0.0,0.0,0.8126,0.797,0.0,0.0,0.1681,0.0,0.0,0.0,0.0075,0.0,0.0,0.073,0.0,0.0,3.819,0.0,0.0,0.0186,0.0,0.0305
22,23,0.0,0.0,0.0097,0.0,0.0,0.0,0.2304,0.0,0.0,0.0,0.0,0.0,0.0,0.0,0.0,0.0,0.006,0.0,0.0,0.0,0.0,0.0,0.2648,0.0,0.0364,0.0,0.0,0.0,0.0231,0.0044
23,24,0.0,0.0,0.0,0.0,0.0,0.0,0.0,0.0,0.0,0.0,0.0,0.0,0.0,0.0,0.0,0.0,0.002,0.0,0.0,0.0,0.0,0.0,0.0,0.0,0.0,0.0,0.0,0.0,0.0,0.0
26,27,0.0,0.0,0.0024,0.0,0.7215,0.0,0.1164,0.0,0.0,0.0,0.0,0.009,0.0,0.0,0.0,0.0,0.0,0.0,0.0,0.0,0.0,0.0,0.0,0.0,0.0,0.0,0.0,0.0,0.0,0.0
27,28,0.0,0.0,0.0,0.0022,0.0004,0.0,0.0024,0.0,0.0,0.0,0.0,0.003,0.0,0.0,0.0,0.0,0.0,0.0,0.0,0.0,0.0,0.0,0.0,0.0,0.0,0.0,0.0,0.0186,0.0,0.0
29,30,0.0,0.0517,0.0,0.0,0.0,0.0,0.0073,0.0,0.0,0.0,0.1354,0.1805,0.0,0.0,0.0474,0.0,0.0,0.0,0.0225,0.0,0.0,26.783,0.0,0.0,0.1226,0.0,0.0,0.0372,0.0462,0.0044
30,31,0.0,0.0,0.0,0.0,0.0,0.0,0.0,0.0,0.0,0.0,0.0,0.0301,0.0,0.0,0.0,0.0,0.0,0.0,0.0,0.0,0.0,0.0,0.0,0.0,0.0,0.0,0.0,0.0186,0.0,0.0
31,32,0.0,0.0,0.0,0.0,0.0,0.0,0.0,0.0,0.0,0.0,0.0,0.0,0.0,0.0,0.056,0.0,0.0,0.0012,0.0,0.0,0.0,0.0,0.0,0.0,0.0,0.0,0.0,0.0,0.0,0.0
33,34,0.0,0.0,0.0316,0.0,0.1824,0.0,0.0291,0.0,0.0,0.0,0.0,0.0,0.0,0.0,0.0,0.0,0.0,0.0,0.0,0.0,0.0,0.0,0.0,0.0,0.0,0.0,0.0,0.0,0.0,0.0
34,35,0.0,0.0,0.0,0.0,0.0163,0.0,0.0,0.0,0.0,0.0,0.0,0.0,0.0,0.0,0.0,0.0,0.0,0.0,0.0,0.0,0.0,0.0,0.0,0.0,0.0,0.0,0.0,0.0,0.0,0.0
35,36,0.0,0.0115,0.0,0.0,0.0,0.0,0.0,0.0,0.0,0.0,0.0,0.006,0.0,0.0,0.0,0.0,0.0,0.0,0.0038,0.0,0.0,0.0016,0.0,0.0,0.004,0.0,0.0,0.0,0.0462,0.048
37,38,0.0,0.1064,0.0,0.0,0.0,0.0,0.1067,0.0,0.0,0.0,0.0,0.0,0.0,0.0,0.0,0.0,0.0,0.0,0.0,0.0,0.0,0.0,0.0,0.0,0.0,0.0,0.0,0.0,0.0231,0.0262
38,39,0.0,0.0,0.0,0.0,0.0,0.0,0.0,0.0,0.009,0.0,0.0,0.0,0.0,0.0021,0.0,0.0,0.0139,0.0073,0.0,0.0,0.0,0.0,0.0,0.0,0.0,0.0,0.0,0.0,0.0,0.0
39,40,0.0,0.138,0.0,0.0,0.0,0.0,0.907,0.0,0.0045,0.0,0.0271,0.0361,0.0,0.0,0.0,0.0,0.0,0.0,0.0,0.0,0.0,0.0,0.0,0.0,0.0,0.0,0.0,0.0,0.0462,0.0174
40,41,0.0,0.0,0.0146,0.0,0.0,0.0,0.0,0.0,0.0,0.0,0.0,0.0,0.0,0.0,0.0,0.0,0.0,0.0,0.0,0.0,0.0,0.0,0.0,0.0,0.0,0.0,0.0,0.0,0.0,0.0
41,42,0.0,0.0,0.0,0.0,0.0,0.0,0.0,0.0,0.0,0.0,0.0,0.0,0.0,0.0,0.0,0.0,0.002,0.0,0.0,0.0,0.0,0.0,0.0,0.0,0.0,0.0,0.0,0.0,0.0,0.0
42,43,0.273,0.0,0.0,0.0,0.0,0.0,0.0,0.0,0.2466,0.0,0.0,0.0,0.1089,0.0,0.0,0.0,0.1332,0.0,0.0,0.0,0.0,0.0,0.0,0.0,0.0,0.0,0.0,0.0,0.0,0.0
43,44,0.021,0.0,0.0,0.0,0.0,0.0,0.0,0.0,0.0269,0.0,0.0,0.0,1.252,0.0,0.0,0.0,0.0139,0.0,0.0,0.0,0.0,0.0,0.0,0.0,0.0,0.0,0.0,0.0,0.0,0.0
44,45,0.0,0.0115,0.0,0.0,0.0,0.0,0.0,0.0,0.0,0.0,0.1083,0.2226,0.0,0.0,0.0,0.0,0.0,0.0,0.0,0.0,0.0,0.0,0.0,0.0,0.0,0.0,0.0,0.0,0.0462,0.0
46,47,0.0,0.0029,0.0,0.0,0.0,0.0,0.0,0.0,0.0,0.0,0.1083,0.1474,0.0,0.0,0.0,0.0,0.0,0.0,0.0,0.0,0.0,0.0,0.0,0.0,0.0,0.0,0.0,0.0,0.0,0.0
50,51,0.0,0.0,0.0,0.0,0.0,0.0,0.0291,0.0,0.0,0.0,0.0,0.0,0.0,0.0,0.0,0.0,0.0,0.0,0.0,0.0,0.0,0.0,0.0,0.0,0.0,0.0,0.0,0.0186,0.0,0.0044
51,52,0.0,0.023,0.0,0.0043,0.0016,0.0,0.0,0.0,0.0,0.0002,0.0,0.0692,0.0,0.0,0.0,0.0,0.0,0.0,0.0,0.0,0.0,0.0,0.0,0.0,0.0,0.0,0.0,0.2789,0.0462,0.0698
54,55,0.0,0.0,0.0,0.0,0.0187,0.0,0.0,0.0,0.0,0.0,0.0,0.0,0.0,0.0,0.0,0.0,0.0,0.0,0.0,0.0,0.0,0.0,0.0,0.0,0.0,0.0,0.0,0.0,0.0,0.0
65,66,0.0,0.0,0.0,0.0022,0.0004,0.0,0.0,0.0,0.0,0.0,0.0,0.0,0.0,0.0,0.0,0.0,0.0,0.0,0.0,0.0,0.0,0.0,0.0,0.0,0.0,0.0,0.0,0.0,0.0,0.0
76,77,0.0,0.0,0.0,0.0022,0.0012,0.0,0.0,0.0,0.0,0.0,0.0,0.0,0.0,0.0,0.0,0.0,0.0,0.0,0.0,0.0,0.0,0.0,0.0,0.0,0.0,0.0,0.0,0.0,0.0,0.0
80,81,0.0,0.0,0.0292,0.0,0.0,0.0,0.0412,0.0,0.0224,0.0,0.0,0.003,0.0,0.0,0.0,0.1346,0.0318,0.0,0.0,0.0,0.0,0.0,0.0,0.0,0.0,0.0,0.0,0.0,0.0,0.0
81,82,0.0,0.0,0.0,0.0,0.0,0.0,0.0,2.73,0.0897,0.0,0.0,0.0,0.0,0.0,0.0,0.0,0.0139,0.0,0.0,0.0,0.0,0.0,0.0,0.0,0.0,0.0,0.0,0.0,0.0,0.0
82,83,0.0,0.0057,0.0,0.0,0.0016,0.0,0.0291,0.0,0.0,0.0,0.0,0.0,0.0,0.0,0.0,0.0,0.0,0.0,0.0,0.0,0.0,0.0,0.0,0.0,0.0,0.0,0.0,0.0,0.0231,0.109
83,84,0.0,0.0,0.0024,0.0,0.0,0.0,0.0,0.0,0.0,0.0,0.0,0.0,0.0,0.0,0.0,0.0,0.0,0.0,0.0,0.0,0.0,0.0,0.0,0.0,0.0,0.0,0.0,0.0,0.0,0.0
85,86,0.0,0.0029,0.0097,0.0,0.0,0.0,0.0146,0.0,0.0224,0.0,0.0,0.0,0.0544,0.0214,0.1897,0.0,0.0099,0.2868,0.0,0.13,0.0197,0.0,0.0,0.0,0.0,0.0,0.0,0.0,0.0,0.0174
87,88,0.0,0.0,0.0,0.0,0.0,0.0,0.0073,0.0,0.0,0.0,0.0,0.006,0.0,0.0,0.0,0.0,0.0,0.0,0.0,0.0,0.0,0.0,0.0,0.0,0.0,0.0,0.0,0.0,0.0,0.0
88,89,4.1159,0.0,0.0,0.0,0.0,0.0,0.0049,0.0,3.2682,0.0,0.0,0.0,3.1573,0.0,0.0,0.0,1.9947,0.0,0.0,0.0,0.0,0.0,0.0,0.0,0.0,0.0,0.0,0.0,0.0,0.0
90,91,0.0,0.8107,0.0,0.0,0.0008,2.42,0.2183,0.0,0.0,0.0,0.5959,0.2917,0.0,0.0,0.0,0.0,0.0,0.0,0.0075,0.0144,0.0,0.0,0.0,0.0,0.0013,0.0,0.0019,0.2975,1.1096,1.1426
93,94,0.0,0.0,0.0,0.0,0.0,0.0,0.0,0.0,0.0,0.0,0.0,0.0,0.0,0.0,0.0,0.0,0.0,0.0,0.0,0.0,0.0,0.0,0.0,0.0,0.0,0.0,0.0,0.0,0.0,0.0044
94,95,0.0,0.1667,0.0,0.0,0.0,0.0,0.0024,0.0,0.0,0.0,0.0271,0.012,0.0,0.0,0.0,0.0,0.0,0.0,0.0,0.0,0.0,0.0,0.0,0.0,0.0,0.0,0.0,3.1238,0.0925,0.1614
95,96,0.0,0.0287,0.0,0.0,0.0,0.0,0.0049,0.0,0.0,0.0,0.0,0.0,0.0,0.0,0.0,0.0,0.0,0.0,0.0,0.0,0.0,0.0,0.0,0.0,0.0,0.0,0.0,0.0186,0.0,0.0
97,98,0.0,0.0,0.0,0.0,0.0,0.0,0.0218,0.0,0.0,0.0,0.0,0.0,0.0,0.0,0.0,0.0,0.0,0.0,0.0,0.0,0.0,0.0,0.0,0.0,0.0,0.0,0.0,0.0,0.0,0.0
99,100,0.0,0.0086,0.0,0.0,0.0,0.0,0.0097,0.0,0.0,0.0,0.0,0.0,0.0,0.0,0.0,0.0,0.0,0.0,0.0,0.0,0.0,0.0,0.0,0.0,0.0,0.0,0.0,0.0,0.0,0.0087
100,101,0.042,0.0,0.0,0.0,0.0,0.0,0.0776,0.0,0.009,0.0,0.0,0.009,0.0544,0.0021,0.0,0.0,0.0219,0.0012,0.0,0.0,0.0,0.0,0.0,0.0,0.0,0.0,0.0,0.0,0.0,0.0044
101,102,0.0,0.0,0.0024,0.0,0.0,0.0,0.0,0.0,0.0,0.0,0.0,0.0,0.0,0.0,0.0,0.0,0.0,0.0,0.0,0.0,0.0,0.0,0.0,0.0,0.0,0.0,0.0,0.0,0.0,0.0
102,103,0.0,0.0115,0.0,0.0,0.0,0.0,0.0,0.0,0.0,0.0,0.0,0.0,0.0,0.0,0.0,0.0,0.0,0.0,0.0038,0.0,0.0,0.0,0.0,0.0,0.0,0.0,0.0,0.0,0.0,0.0044
106,107,0.0,0.0029,0.0,0.0,0.0,0.0,0.0097,0.0,0.0,0.0,0.0,0.0,0.0,0.0,0.0,0.0,0.0,0.0,0.0,0.0,0.0,0.0,0.0,0.0,0.0,0.0,0.0,0.0,0.0,0.0
107,108,0.0,0.0029,0.0,0.0,0.0,0.0,0.4511,0.0,0.0,0.0,0.0,0.0,0.0,0.0,0.0,0.0,0.0,0.0,0.0,0.0,0.0,0.0,0.0,0.0,0.0,0.0,0.0,0.0,0.0,0.0
108,109,0.399,0.0,0.0,0.0,0.0,0.0,0.0,0.0,0.009,0.0,0.0,0.0,0.0,0.5976,0.0,0.0,0.1332,0.0932,0.0,0.0,0.0099,0.0,0.0,0.0281,0.0,0.0,0.0,0.0,0.0,0.0
109,110,7.6858,5.1978,0.0899,0.0,0.004,0.0,2.1462,0.0,4.3934,0.0,0.0271,0.1353,4.5182,7.0465,0.5734,0.0236,21.5485,49.5952,47.3872,32.2595,2.9957,0.0049,0.0,2.9222,0.0148,0.0,2.3206,0.3533,0.6241,0.5713
110,111,0.0,0.0057,0.0,0.0,0.0,0.0,0.0,0.0,0.0,0.0,0.0,0.0,0.0,0.0,0.0,0.0,0.0,0.0,0.0,0.0,0.0,0.0,0.0,0.0,0.0,0.0,0.0,0.0,0.0,0.0044
111,112,0.0,0.0,0.0,0.0,0.0004,0.0,0.0,0.0,0.0,0.0,0.0,0.0,0.0,0.0,0.0,0.0,0.0,0.0,0.0,0.0,0.0,0.0,0.0,0.0,0.0,0.0,0.0,0.0,0.0,0.0
112,113,0.0,0.2156,0.4131,0.0,0.0004,0.0,0.0437,0.0,0.0,0.0,4.0628,2.9745,0.0,0.0,0.0,0.0,0.0159,0.0,0.0,0.0,0.0,0.0,0.0,0.0,0.0,0.0,0.0,0.1302,0.2774,0.1744
113,114,0.0,0.0,0.0,0.0,0.0,0.0,0.0,0.0,0.0,0.0002,0.0271,0.0241,0.0,0.0,0.0,0.0,0.0,0.0,0.0,0.0,0.0,0.0,0.0,0.0,0.0,0.0,0.0,0.0,0.0231,0.0174
117,118,0.0,0.0,0.0,0.0,0.0,0.0,0.1625,0.0,0.0,0.0,0.0271,0.015,0.0,0.0,0.0,0.0,0.0,0.0,0.0,0.0,0.0,0.0,0.0,0.0,0.0,0.0,0.0,0.0,0.0,0.0305
124,125,0.0,0.0057,0.0316,0.0,0.0,0.0,0.0,0.0,0.0,0.0,0.0,0.015,0.0,0.0,0.0,0.0,0.0,0.0,0.0,0.0,0.0,0.0,0.0,0.0,0.0,0.0,0.0,0.0,0.0,0.0
128,129,0.0,0.0086,0.0,0.0,0.0,0.0,0.0,0.0,0.0,0.0,0.0,0.0,0.0,0.0,0.0,0.0,0.0,0.0,0.0,0.0,0.0,0.0,0.0,0.0,0.0,0.0,0.0,0.0,0.0,0.0
133,134,0.0,0.0172,0.0,0.0,0.0,0.0,0.0,0.0,0.0,0.0,0.0,0.0,0.0,0.0,0.0,0.0,0.0,0.0,0.0,0.0,0.0,0.0,0.0,0.0,0.0,0.0,0.0,0.0,0.0231,0.0218
134,135,0.0,0.0,0.0,0.0,0.0,0.0,0.0218,0.0,0.0,0.0,0.0,0.0,0.0,0.0,0.0,0.0,0.0,0.0,0.0,0.0,0.0,0.0,0.0,0.0,0.0,0.0,0.0,0.0,0.0,0.0
135,136,0.252,9.7344,0.0,0.0259,0.0012,0.0,0.2789,0.0,0.0807,0.0,0.0,0.018,0.1089,0.0171,0.4699,0.0,0.9387,0.0024,0.2251,1.6469,0.0394,0.0032,0.0,0.014,0.0,0.0,0.0,0.595,0.601,0.4972
136,137,0.0,0.0,0.0,0.0,0.0,0.0,0.0,0.0,0.0,0.0,0.0,0.0,0.0,0.1456,0.0,0.0637,0.002,0.219,0.0,0.0,0.0788,0.0,0.0,0.1264,0.0,0.0,0.0019,0.0,0.0,0.0
138,139,0.0,0.2127,0.0,0.0,0.0,0.0,0.0024,0.0,0.0,0.0,0.0271,0.1384,0.0,0.06,0.72,0.0036,0.0,0.0315,0.8928,1.4013,0.2069,0.2482,0.0,0.3653,1.9459,0.0,0.0057,0.1116,0.2312,0.2529
139,140,0.0,0.0,0.0656,0.0,0.0,0.0,0.0,0.0,0.009,0.0,0.0,0.0,0.0544,0.0,0.0,0.0036,0.0119,0.0,0.0,0.0,0.0,0.0,0.0,0.0,0.0,0.0,0.0,0.0,0.0,0.0
140,141,0.0,0.0086,0.0,0.0,0.0,0.0,0.0,0.0,0.0,0.0,0.0,0.003,0.0,0.0,0.0,0.0,0.0,0.0,0.0,0.0,0.0,0.0,0.0,0.0,0.0,0.0,0.0,0.0,0.0,0.0
142,143,3.5699,2.3402,0.0049,0.0151,0.0004,0.0,3.3079,0.0,0.1973,0.0002,9.4529,14.1749,0.1633,3.0006,0.1207,0.1073,0.183,1.4847,1.5831,0.3178,12.2192,27.0783,0.0662,12.8266,14.1469,0.8118,0.0286,0.5392,0.4161,0.4187
143,144,0.0,0.0,0.0,0.0,0.0,0.0,0.0,0.0,0.0,0.0,0.0,0.0,0.0,0.0021,0.0,0.0,0.0,0.0012,0.0,0.0,0.0197,0.0,0.0,0.0,0.0,0.0,0.0,0.0,0.0,0.0
144,145,0.042,0.0,0.0,0.0,0.0,0.0,0.0,0.0,0.0583,0.0,0.0,0.0,0.2177,0.0064,0.0,0.0018,0.4733,0.1113,0.0,0.0,0.0197,0.0,0.0,0.014,0.0,0.0,0.0,0.0,0.0,0.0
145,146,0.063,6.9256,0.26,0.0,0.4909,0.0,0.1892,0.0,0.1704,0.0,1.3272,0.1895,0.0544,0.0043,0.0,0.1255,0.0517,0.0036,0.0075,0.0,0.069,0.0,0.0,0.014,0.2264,1.7106,0.0,26.8873,2.9126,2.9568
148,149,0.0,0.0115,0.0,0.0,0.0,0.0,0.0,0.0,0.0,0.0,0.0,0.006,0.0,0.0,0.0,0.0,0.0,0.0,0.0,0.0,0.0,0.0,0.0,0.0,0.0,0.0,0.0,0.0186,0.0,0.0
149,150,0.0,0.0,0.0,0.0,0.0139,0.0,0.0,0.0,0.0,0.0,0.0,0.0,0.0,0.0,0.0,0.0,0.0,0.0,0.0,0.0,0.0,0.0,0.0,0.0,0.0,0.0,0.0,0.0,0.0,0.0
150,151,0.0,0.0,0.1288,0.0,0.0,0.0,0.0,0.0,0.0,0.0,0.0,0.0,0.0,0.0,0.0,0.0,0.0,0.0,0.0,0.0,0.0,0.0,0.0,0.0,0.0,0.0,0.0,0.0,0.0,0.0
151,152,0.0,0.0,0.0,0.0,0.0434,0.0,0.0,0.0,0.0,0.0,0.0,0.0,0.0,0.0,0.0,0.0,0.0,0.0,0.0,0.0,0.0,0.0,0.0,0.0,0.0,0.0,0.0,0.0,0.0,0.0
153,154,0.0,0.0,0.0267,0.0,0.0,0.0,0.0,0.0,0.0,0.0,0.0,0.0,0.0,0.0,0.0,0.0,0.0,0.0,0.0,0.0,0.0,0.0,0.0,0.0,0.0,0.0,0.0,0.0,0.0,0.0
154,155,0.0,0.0,0.4933,0.0,0.0,0.0,0.0146,0.0,0.0,0.0,0.0,0.0,0.0,0.0,0.0,0.0,0.0,0.0,0.0,0.0,0.0,0.0,0.0,0.0,0.0,0.0,0.0,0.0,0.0,0.0
160,161,0.0,0.0172,0.0,0.0,0.0,0.0,0.0,0.0,0.0,0.0,0.0,0.006,0.0,0.0,0.0,0.0,0.0,0.0,0.0,0.0,0.0,0.0,0.0,0.0,0.0,0.0,0.0,0.0,0.0,0.0044
162,163,0.0,0.0,0.0,0.0,0.0,0.0,0.0024,0.0,0.0,0.0,0.0271,0.0391,0.0,0.0,0.0,0.0,0.0,0.0,0.0,0.0,0.0,0.0,0.0,0.0,0.0,0.0,0.0,0.0,0.0231,0.0
164,165,0.0,0.0029,0.0,0.0,0.0,0.0,0.0,0.0,0.0,0.0,0.0542,0.0602,0.0,0.0,0.0,0.0,0.0,0.0,0.0,0.0,0.0,0.0,0.0,0.0,0.0,0.0,0.0,0.0,0.0,0.0
165,166,0.168,0.0,0.4253,0.0,0.0,0.0,0.0049,0.0,0.2152,0.0,0.0,0.0,0.0544,0.0364,0.0,0.0,0.0497,0.0194,0.0,0.0,0.0296,0.0,0.0,0.0,0.0,0.0,0.0,0.0,0.0,0.0
168,169,0.0,0.0,0.0,0.0,0.0,0.0,0.0,0.0,0.0,0.0,0.0,0.0,0.0,0.0,0.0,0.0346,0.0,0.0,0.0,0.0,0.0,0.0,0.0,0.0,0.0,0.0,0.0,0.0,0.0,0.0
170,171,0.0,0.6526,0.0,0.0,0.0,0.0,0.0024,0.0,0.0224,0.0,0.0,0.0,0.0544,0.045,5.139,0.0,0.0159,0.0085,0.4614,0.0144,0.0,0.0,0.0441,0.0,0.0013,0.0,0.0,0.4649,3.0513,4.7362
171,172,0.0,0.0,0.0,0.0,0.0,0.0,0.0,0.0,0.009,0.0,0.0,0.0,0.0,0.0,0.0,0.0,0.0,0.0,0.0,0.0,0.0,0.0,0.0,0.0,0.0,0.0,0.0,0.0,0.0,0.0
173,174,0.0,0.0057,0.0,0.0,0.0,0.0,0.0,0.0,0.0,0.0,0.0271,0.003,0.0,0.0,0.0,0.0,0.0,0.0,0.0,0.0,0.0,0.0,0.0,0.0,0.0,0.0,0.0,0.0558,0.0,0.0044
177,178,0.0,0.0,0.0,0.0,0.0,0.0,0.0,0.0,0.0,0.0,0.0813,0.0241,0.0,0.0,0.0,0.0,0.0,0.0,0.0,0.0,0.0,0.0,0.0,0.0,0.0,0.0,0.0,0.0,0.0,0.0044
179,180,0.0,0.1179,0.0,0.0,0.0,0.0,0.0,0.0,0.0,0.0,0.1083,0.1564,0.0,0.0,0.0,0.0,0.0,0.0,0.0,0.0,0.0,0.0,0.0,0.0,0.0,0.0,0.0,0.0186,0.0462,0.0523
180,181,0.0,0.0,0.0,0.0,0.0,0.0,0.0,0.0,0.0,0.0,0.0,0.0,0.0,0.0,0.0,0.0,0.0,0.0,0.0,0.0,0.0,0.0,0.0,0.0,0.0013,0.0,0.0,0.0,0.0,0.0
181,182,0.0,0.0057,0.0,0.0,0.0,0.0,0.0,0.0,0.0,0.0,0.0271,0.0211,0.0,0.0,0.0,0.0,0.0,0.0,0.0,0.0,0.0,0.0,0.0,0.0,0.0,0.0,0.0,0.0,0.0231,0.0
185,186,0.0,0.0029,0.0,0.0,0.0,0.0,0.0388,0.0,0.0,0.0,0.0542,0.015,0.0,0.0,0.0,0.0,0.0,0.0,0.0,0.0,0.0,0.0,0.0,0.0,0.0,0.0,0.0,0.0,0.0231,0.0
191,192,0.021,0.0,0.0,0.0,0.0,0.0,0.0,0.0,0.0717,0.0,0.0,0.0,0.0544,0.0,0.0,0.0,0.0199,0.0,0.0,0.0,0.0,0.0,0.0,0.0,0.0,0.0,0.0,0.0,0.0,0.0
192,193,0.0,0.0,0.0,0.0,0.0052,0.0,0.0,0.0,0.0,0.0,0.0,0.0,0.0,0.0,0.0,0.0,0.0,0.0,0.0,0.0,0.0,0.0,0.0,0.0,0.0,0.0,0.0,0.0,0.0,0.0
193,194,0.0,0.0,0.3378,0.0,0.0,0.0,0.0,0.0,0.0,0.0,0.0,0.0,0.0,0.0,0.0,0.0,0.0,0.0,0.0,0.0,0.0,0.0,0.0,0.0,0.0,0.0,0.0,0.0,0.0,0.0
194,195,0.0,0.0,0.0,0.0,0.0,0.0,0.0,0.0,0.0269,0.0,0.0,0.0,0.0,0.0,0.0,0.0,0.1631,0.0,0.0,0.0,0.0,0.0,0.0,0.0,0.0,0.0,0.0,0.0,0.0,0.0
195,196,0.0,0.0,0.0,0.0,0.0,0.0,0.0024,0.0,0.0,0.0,0.0,0.012,0.0,0.0,0.0,0.0,0.0,0.0,0.0,0.0,0.0,0.0,0.0,0.0,0.0,0.0,0.0,0.0186,0.0231,0.0
197,198,0.021,1.0896,0.0,0.0,0.004,0.0,0.017,0.0,0.0269,0.0,0.7313,0.0812,0.1633,0.0,0.0043,0.1273,0.008,0.0,0.0488,0.1445,0.0,0.0,0.0,0.0,0.0,0.0,38.9447,1.5991,1.5488,1.5089
199,200,0.084,0.0,0.3524,0.0,0.0187,0.0,0.0024,0.0,0.009,0.0,0.0,0.0,0.0,0.0043,0.0,0.0,0.0119,0.0,0.0,0.0,0.0,0.0,0.0,0.0,0.0,0.0,0.0,0.0,0.0,0.0
203,204,0.0,0.0057,0.0,0.0,0.0,0.0,0.0073,0.0,0.0,0.0,0.0271,0.006,0.0,0.0,0.0,0.0,0.0,0.0,0.0,0.0,0.0,0.0,0.0,0.0,0.0,0.0,0.0,0.0,0.0693,0.0872
204,205,0.0,0.0172,0.0,0.0,0.0004,0.0,0.0,0.0,0.0,0.0,0.0,0.006,0.0,0.0,0.0517,0.0,0.0,0.0,0.0,0.0,0.0,0.0,0.0,0.0,0.0,0.0,0.0,0.0,0.0462,0.0567
205,206,0.0,0.0259,0.2211,0.0,0.0585,0.0,0.0,0.0,0.0,0.0,0.0,0.003,0.0,0.0,0.1121,0.0,0.0,0.0,0.0,0.0,0.0,0.0,0.4414,0.0,0.0,0.0,0.0,0.0,0.0,0.0044
208,209,0.0,0.0,0.0,0.0,0.0,0.0,0.0146,0.0,0.0,0.0,0.0,0.009,0.0,0.0,0.0,0.0,0.0,0.0,0.0,0.0,0.0,0.0,0.0,0.0,0.0,0.0,0.0,0.0,0.0,0.0
209,210,0.0,0.0086,0.0,0.0,0.0,0.0,0.0,0.0,0.0,0.0,0.0542,0.018,0.0,0.0,0.0,0.0,0.0,0.0,0.0,0.0,0.0,0.0,0.0,0.0,0.0,0.0,0.0,0.0,0.0,0.0044
211,212,0.021,0.1092,0.0,0.0,0.0,0.0,0.0024,0.0,0.009,0.1024,0.0,0.0,0.0,0.0,0.0,0.0,0.002,0.0,0.0,0.0,0.0,0.0,0.0,0.0,0.0,0.0,0.0,0.0,0.0,0.0087
213,214,4.2629,0.0,3.2514,0.0,0.0,0.0,0.0,0.0,0.1928,0.0,0.0,0.0,0.5444,0.5633,0.0,0.0,0.0975,0.0774,0.0,0.0,0.0493,0.0,0.0,0.1264,0.0,0.0,0.0,0.0,0.0,0.0
215,216,0.0,0.0,0.0,0.0,0.0,0.0,0.0049,0.0,0.0,0.0,0.0,0.003,0.0,0.0,0.1035,0.0,0.0,0.0,0.0038,0.0,0.0,0.0,0.0,0.0,0.0,0.0,0.0,0.0186,0.0,0.0
216,217,0.0,0.0,0.0,0.0,0.0,0.0,0.0024,0.0,0.0,0.0,0.0,0.0,0.0,0.0,0.0,0.0,0.0,0.0,0.0,0.0,0.0,0.0,0.0,0.0,0.0,0.0,0.0,0.0,0.0,0.0
222,223,0.0,0.0,0.017,0.0,0.0,0.0,0.0,0.0,0.0,0.0,0.0,0.0,0.0,0.0,0.0,0.0,0.0,0.0,0.0,0.0,0.0,0.0,0.0,0.0,0.0,0.0,0.0,0.0,0.0,0.0
223,224,0.0,0.0,0.0,0.7271,0.0,0.0,0.0,0.0,0.0,0.0,0.0,0.0,0.0,0.0,0.0,0.0,0.0,0.0,0.0,0.0,0.0,0.0,0.0,0.0,0.0,0.0,0.0,0.0,0.0,0.0
225,226,0.924,0.0,0.0049,0.0,0.0,0.0,0.0097,0.0,0.5559,0.0,0.1896,0.1714,0.4355,0.0,0.0,0.0,0.4216,0.0,0.0,0.0,0.0,0.0,0.0,0.0,0.0,0.0,0.0,0.0,0.0,0.0131
226,227,0.0,0.0,0.0462,0.0,0.0,0.0,0.0,0.0,0.0,0.0,0.0,0.0,0.0,0.0278,0.0,0.0,0.0,0.0061,0.0,0.0,0.0197,0.0,0.0,0.0281,0.0,0.0,0.0,0.0,0.0,0.0
228,229,1.008,0.0029,2.605,0.0,0.0,0.0,0.0,0.0,0.1748,0.0029,0.0,0.0,0.2722,0.0493,0.0,0.0,1.2529,0.19,0.0,0.0,0.1675,0.0,0.0,0.014,0.0,0.0,0.0057,0.0,0.0,0.0044
229,230,0.0,0.0057,0.0,0.0,0.0004,0.0,0.0752,0.0,0.0,3.8926,0.1354,0.0271,0.0,0.0,0.0,1.5078,0.0,0.0,0.0113,0.0144,0.0,0.0097,2.1075,0.0,0.5134,0.0,0.0,0.0,0.0,0.0044
230,231,0.0,0.0029,0.0,0.0,0.0,0.0,0.0,0.0,0.0,0.0,0.0271,0.0,0.0,0.0,0.0,0.0,0.0,0.0,0.0,0.0,0.0,0.0,0.0,0.0,0.0,0.0,0.0,0.0,0.0,0.0
231,232,0.0,0.0144,0.0,0.0,0.0,0.0,0.0024,0.0,0.0448,0.0,0.0271,0.018,0.0,0.0,0.0,0.0,0.002,0.0,0.0,0.0,0.0,0.0,0.0,0.0,0.0,0.0,0.0,0.0,0.0,0.0218
234,235,0.0,0.0057,0.0,0.0,0.0068,0.0,0.0,0.0,0.009,0.0,0.0,0.0,0.0,0.0,0.0,0.0,0.002,0.0,0.0,0.0,0.0,0.0,0.0,0.0,0.0,0.0,0.0,0.0,0.0,0.0218
235,236,0.0,0.0,0.0024,0.0,0.0,0.0,0.0,0.0,0.0,0.0,0.0,0.0,0.0,0.0,0.0,0.0,0.0,0.0,0.0,0.0,0.0,0.0,0.0,0.0,0.0,0.0,0.0,0.0,0.0,0.0
236,237,0.0,0.092,0.0,0.0,0.0012,0.0,0.1334,0.0,0.0,0.0,0.3792,1.964,0.0,0.0,0.1164,0.0,0.0,0.0,0.0788,0.1589,0.0,0.0,0.0,0.0,0.0,0.174,0.0,0.0186,0.7397,0.7414
242,243,0.0,0.0,0.0146,0.0,0.0,0.0,0.0,0.0,0.0045,0.0,0.0,0.0,0.0,0.0,0.0,0.0,0.0,0.0,0.0,0.0,0.0,0.0,0.0,0.0,0.0,0.0,0.0,0.0,0.0,0.0
244,245,3.3599,0.1294,0.0292,0.0,0.0024,0.0,0.6451,0.0,33.3229,0.0,0.623,0.1895,20.4137,0.9145,20.8752,0.5675,4.1904,0.4029,2.5547,1.0979,0.0296,0.0,0.0,0.0562,0.0027,0.0,26.2271,0.0372,0.1618,0.266
247,248,0.0,0.0029,0.0,0.0,0.0,0.0,0.0073,0.0,0.0,0.0,0.0,0.003,0.0,0.0,0.0,0.0,0.0,0.0,0.0,0.0,0.0,0.0,0.0,0.0,0.0,0.0,0.0,0.0186,0.0,0.0131
249,250,0.0,0.0,0.2673,0.0,0.0,0.0,0.0,0.0,0.0314,0.0,0.0,0.0,0.5444,0.0,0.0,0.0,0.002,0.0,0.0,0.0,0.0,0.0,0.0,0.0,0.0,0.0,0.0,0.0,0.0,0.0
250,251,0.0,0.0029,0.0,0.0,0.0,0.0,0.2522,0.0,0.1524,0.0,0.0,0.0,0.0,0.0,0.0,0.0,0.002,0.0,0.0,0.0,0.0,0.0,0.0,0.0,0.0,0.0,0.0,0.0,0.0,0.0
252,253,0.0,0.0,0.0,0.0,0.0,0.0,0.0,0.0,0.0,0.0005,0.0271,0.006,0.0,0.0,0.0,0.0,0.0,0.0,0.0,0.0,0.0,0.0,0.0441,0.0,0.0,0.0,0.0,0.0,0.0,0.0
253,254,0.0,0.1725,0.0,0.0,0.0,0.0,0.2789,4.01,0.0045,0.0012,0.0271,0.1895,0.0,0.0,0.0345,0.0018,0.0,0.0,0.0,0.0,0.0,0.0,0.0552,0.0,0.0,0.029,0.0,0.0744,0.0231,0.048
254,255,0.0,0.0,0.0,0.0,0.0,0.0,0.1431,0.0,0.0,0.0,0.1896,0.018,0.0,0.0,0.0,0.0,0.0,0.0,0.0,0.0,0.0,0.0,0.0,0.0,0.0,0.0,0.0,0.0,0.0,0.0131
256,257,0.0,0.0,0.0,0.0,0.0,0.0,0.0,0.0,0.0,0.0,0.0,0.0,0.0,0.0,0.0,0.1473,0.0,0.0,0.0,0.0,0.0,0.0,0.0,0.0,0.0,0.0,0.0,0.0,0.0,0.0
258,259,0.0,0.0,0.017,0.0,0.0334,0.0,0.0,0.0,0.0,0.0,0.0,0.0,0.0,0.0,0.0,0.0,0.0,0.0,0.0,0.0,0.0,0.0,0.0,0.0,0.0,0.0,0.0,0.0,0.0,0.0
259,260,0.0,0.0029,0.0,0.0,0.0,0.0,0.0,0.0,0.0,0.0,0.0271,0.006,0.0,0.0,0.0,0.0,0.0,0.0,0.0,0.0,0.0,0.0,0.0,0.0,0.0,0.0,0.0,0.0,0.0,0.0
262,263,0.0,0.0115,0.0,0.0,0.0,0.0,0.0,0.0,0.0,0.0,0.2167,0.1504,0.0,0.0,0.0,0.0,0.0,0.0,0.0,0.0,0.0,0.0,0.0,0.0,0.0,0.0,0.0,0.0,0.0693,0.0262
264,265,0.042,0.0086,0.0,0.0,0.0008,0.0,0.0461,0.0,0.0807,0.0,0.0,0.003,2.5585,0.0,0.0,0.0,0.0278,0.0,0.0,0.0,0.0,0.0,0.0,0.0,0.0,0.0,0.0,0.0,0.1156,0.1439
265,266,0.0,0.0144,0.0,0.0,0.0,0.0,0.0,0.0,0.0,0.0,0.0,0.0,0.0,0.0,0.0,0.0,0.0,0.0,0.0,0.0,0.0,0.0,0.0,0.0,0.0,0.0,0.0,0.0,0.0,0.0
266,267,0.126,0.0172,0.1507,0.0,0.0,0.0,0.0267,0.0,0.139,0.0,2.0043,24.3346,3.1573,0.0,0.0,0.0,0.0716,0.0,0.0,0.0,0.0,0.0,0.0,0.0,0.0,0.0,0.0,0.0,0.0,0.0
268,269,9.1138,0.046,1.4896,0.0,0.0008,0.0,0.0024,0.0,7.5944,0.0,0.0271,0.0,5.7703,0.0043,0.0,0.0,2.2871,0.0,0.0,0.0,0.0,0.0,0.0,0.0,0.0,0.0,0.0,0.0186,0.8091,0.9507
269,270,1.533,24.1864,33.7975,0.0,0.0,0.0,0.5311,1.38,0.9773,0.0,4.0628,2.0031,5.3892,0.4112,0.0,0.0,1.068,0.069,0.0,0.0,0.0197,0.0,0.0,0.0281,0.0,0.0,0.0,1.7851,15.4184,8.1683
270,271,5.2709,3.079,0.4593,0.0,0.0,2.81,0.6815,1.94,2.3222,0.0,0.2979,0.7158,6.2602,12.7136,2.6773,0.0091,0.3262,0.3921,0.0,0.0,0.2759,0.0,0.0,0.3512,0.0,0.0,0.0,2.2499,25.7744,29.734
271,272,0.0,0.0,0.0,0.0,0.0,0.0,0.0,0.0,0.0,0.0,0.0,0.003,0.0,0.0,0.0,0.0,0.0,0.0,0.0,0.0,0.0,0.0,0.0,0.0,0.0,0.0,0.0,0.0,0.0,0.0
272,273,0.0,2.5213,0.0851,0.0,0.0,0.0,0.1358,0.0,0.0224,0.0,0.0,0.1173,0.0,0.0,0.0,0.0,0.0,0.0,0.0,0.0,0.0,0.0,0.0,0.0,0.0,0.0,0.0,0.0186,0.3699,0.3925
273,274,0.0,0.0,0.0,0.0,0.0,0.0,0.0,0.0,0.0,0.001,0.6771,5.134,0.0,0.0,0.0,0.0,0.0,0.0,0.0,0.0,0.0,0.0,0.0,0.0,0.0,0.0,0.0,0.0,0.0,0.0
274,275,0.0,0.0,0.0,0.0,0.0,0.0,0.0,0.0,0.0,0.0,0.2167,0.018,0.0,0.0,0.0,0.0,0.0,0.0,0.0,0.0,0.0,0.0,0.0,0.0,0.0,0.0,0.0,0.0,0.0,0.0
275,276,0.0,0.0,0.0,0.0,0.0,0.0,0.0194,1.19,0.0,0.0,0.5417,0.0541,0.0,0.0,0.0,0.0,0.0,0.0,0.0,0.0,0.0,0.0,0.0,0.0,0.0,0.0,0.0,0.0,0.0,0.0
276,277,0.0,0.0,0.0,0.0,0.0,0.0,0.0073,6.54,0.009,0.0,0.0,0.0,0.0,0.0,0.0,0.0,0.0099,0.0,0.0,0.0,0.0,0.0,0.0,0.0,0.0,0.0,0.0,0.0,0.0,0.0
277,278,0.0,0.0,0.0,0.0,0.0,0.0,0.0,0.0,0.0045,0.0,0.0,0.0,0.0,0.0,0.0,0.0,0.002,0.0,0.0,0.0,0.0,0.0,0.0,0.0,0.0,0.0,0.0,0.0,0.0,0.0
278,279,0.0,0.0057,0.0,0.0,0.0004,0.0,0.017,0.0,0.0,0.0,0.0271,0.009,0.0,0.0,0.0259,0.0,0.0,0.0,0.0,0.0,0.0,0.0,0.0,0.0,0.0,0.0,0.0,0.0,0.0,0.0044
280,281,0.0,0.0115,0.0,0.0,0.0,0.0,0.1237,0.0,0.0179,0.0,0.0,0.009,0.0544,0.0,0.0,0.0,0.004,0.0,0.0,0.0144,0.0,0.0,0.0,0.0,0.0,0.174,0.0,0.0,0.0,0.0131
281,282,0.0,0.0,0.0,0.0,0.0,0.0,0.0,0.0,0.0,0.0,0.0,0.0,0.0,0.0,0.0,0.0,0.0,0.0,0.0,0.0,0.0,0.0,0.0,0.0,0.0,0.0,0.0,0.0,0.0,0.0131
283,284,0.042,0.0086,0.0,0.0,0.0,0.0,0.0146,0.0,0.0314,0.0,0.0,0.0,0.0,0.0,0.0,0.0,0.0119,0.0,0.0,0.0,0.0,0.0,0.0,0.0,0.0,0.0,0.0,0.0,0.0,0.0
284,285,0.0,0.0,0.0,0.0,0.0,0.0,0.0,0.0,0.0,0.0,0.0,0.003,0.0,0.0,0.0,0.0,0.0,0.0,0.0,0.0,0.0,0.0,0.0,0.0,0.0,0.0,0.0,0.0,0.0,0.0
285,286,0.0,0.0,0.0,0.0,0.0,0.0,0.0024,0.0,0.0,0.0002,0.0,0.0,0.0,0.0,0.0,0.0,0.0,0.0,0.0,0.0,0.0,0.0,0.0,0.0,0.0,0.0,0.0,0.0,0.0,0.0
288,289,0.0,0.0,0.0,0.0,0.0,0.0,0.0,0.0,0.0045,0.0,0.0,0.0,0.0,0.0021,0.0,0.0,0.006,0.0012,0.0,0.0,0.0,0.0,0.0,0.0,0.0,0.0,0.0,0.0,0.0,0.0
289,290,0.0,0.0,0.0,0.0,0.0004,0.0,0.0,0.0,0.0224,0.0,0.0,0.0,0.0,0.0,0.0,0.0,0.0119,0.0,0.0,0.0,0.0,0.0,0.0,0.0,0.0,0.0,0.0,0.0,0.0,0.0
291,292,0.0,0.0,0.0,0.0,0.0,0.0,0.0703,0.0,0.0,0.0,0.0,0.0,0.0,0.0,0.0,0.0,0.0,0.0,0.0,0.0,0.0,0.0,0.0,0.0,0.0,0.0,0.0,0.0,0.0,0.0
295,296,0.063,0.0,0.0292,0.0,0.0,0.0,0.0,0.0,0.0359,51.2308,0.0,0.0,0.0,0.0,0.9269,0.5074,0.6682,0.0,0.0038,0.0,0.0,0.0,0.6179,0.0,0.004,0.029,0.0019,0.0,0.0,0.0
298,299,0.0,0.0,0.0,0.0,0.0,0.0,0.0,0.0,0.0,0.0,0.0271,0.0902,0.0,0.0,0.0,0.0,0.0,0.0,0.0038,0.0,0.0,0.0,0.0,0.0,0.0,0.0,0.0,0.0186,0.0,0.0
299,300,0.021,0.0,0.1239,0.0,0.0,0.0,0.0,0.0,0.0,0.0,0.0,0.0,0.0,0.0,0.0,0.0,0.002,0.0,0.0,0.0,0.0,0.0,0.0,0.0,0.0,0.0,0.0,0.0,0.0,0.0044
303,304,0.0,0.1955,0.0,0.0,0.0012,0.0,0.5311,0.0,0.0,0.0,0.0813,0.0571,0.0,0.0,0.0474,0.2292,0.0,0.0,0.0,0.0,0.0,0.0,0.0,0.0,0.0,0.0,0.0,0.0,0.5086,0.9333
304,305,0.0,0.0431,0.0122,0.0022,0.0,0.0,0.0,0.0,0.0,0.0,0.4063,0.0872,0.0,0.0,0.0,0.0,0.0,0.0,0.0,0.0,0.0,0.0,0.0,0.0,0.0,0.0,0.0,0.502,0.0462,0.0654
305,306,0.0,0.0029,0.0,0.0,0.0,0.0,0.3322,0.0,0.0,0.0002,0.3792,0.1293,0.0,0.0,0.0,0.0,0.0,0.0,0.0563,0.0,0.0,1.2493,0.0,0.0,0.0027,0.0,0.0,0.0186,0.0231,0.0044
306,307,0.0,0.0,0.0,0.0,0.0,0.0,0.0,0.0,0.0,0.0,0.0,0.0,0.0,0.0,0.0043,0.0,0.0,0.0,0.0,0.0,0.0,0.0,0.0,0.0,0.0,0.0,0.0,0.0,0.0,0.0
307,308,0.0,0.0,0.0,0.0,0.0,0.0,0.034,0.0,0.0,0.0,0.0,0.0,0.0,0.0,0.0,0.0,0.0,0.0,0.0,0.0,0.0,0.0,0.0,0.0,0.0,0.0,0.0,0.0,0.0,0.0
311,312,0.0,0.0,0.0,0.0,0.0,0.0,0.0,0.0,0.0,0.0,0.0,0.0,0.0,0.9017,0.0,0.0,0.0,0.6643,0.0,0.0,0.404,0.0,0.0,0.6884,0.0,0.0,0.0,0.0,0.0,0.0
313,314,0.0,0.0,0.0,0.0,0.0,0.0,0.0024,0.0,0.0,0.0,0.0,0.0,0.0,0.0,0.0,0.0,0.0,0.0,0.0,0.0,0.0,0.0,0.0,0.0,0.0,0.0,0.0,0.0,0.0,0.0044
314,315,0.0,0.2472,0.0,0.0,0.0004,0.67,0.0728,0.0,0.0,0.0,0.0,0.003,0.0,0.0,12.8088,0.0,0.0,0.0,0.0263,0.0144,0.0,0.0,0.0,0.0,0.004,0.0,0.0,0.0372,0.3699,0.4536
315,316,0.0,0.0172,0.0,0.0,0.0,0.0,0.0194,0.0,0.0,0.0,0.0,0.0391,0.0,0.0,0.0,0.0,0.0,0.0,0.0,0.0,0.0,0.0,0.0,0.0,0.0,0.0,0.0,0.0186,0.0231,0.0174
317,318,0.0,0.0,0.0,0.0,0.0004,0.0,0.0,0.0,0.0,0.0,0.0,0.0,0.0,0.0,0.0,0.0,0.0,0.0,0.0,0.0,0.0,0.0,0.0,0.0,0.0,0.0,0.0,0.0,0.0,0.0
318,319,0.0,0.0805,0.0,0.0,0.0,0.0,0.0,0.0,0.0,0.0,0.0271,0.0632,0.0,0.0,0.0,0.0,0.0,0.0,0.0,0.0,0.0,0.0,0.0,0.0,0.0,0.0,0.0,0.0,0.0,0.0174
320,321,0.0,0.0,0.0,0.0,0.0,0.0,0.0,0.0,0.0,0.0,0.0,0.0,0.0,0.0,0.0,0.0,0.0,0.0,0.0038,0.0,0.0,0.0,0.0,0.0,0.0,0.0,0.0,0.0,0.0,0.0
321,322,0.063,0.0,0.8894,0.0,0.0,0.0,0.0,0.0,0.0314,0.0,0.0,0.012,0.0,0.0,0.0,0.0,0.0119,0.0,0.0,0.0,0.0,0.0,0.0,0.0,0.0,0.0,0.0,0.0,0.0,0.0
322,323,0.441,0.0374,0.0802,0.0,0.0,0.0,0.1285,0.0,0.0672,0.0,0.0271,0.0391,0.1089,0.0,0.0,0.0,0.0656,0.0,0.0,0.0,0.0,0.0,0.0,0.0,0.0,0.0,0.0,1.0413,0.0462,0.0262
323,324,0.0,0.0,0.017,0.0,0.0,0.0,0.0,0.0,0.0,0.0,0.0271,0.003,0.0,0.0,0.0,0.0,0.0,0.0,0.0,0.0,0.0,0.0,0.0,0.0,0.0,0.0,0.0,0.0,0.0,0.0
324,325,0.0,0.0,0.0,0.0,0.0275,0.0,0.0,0.0,0.0,0.0,0.0,0.0,0.0,0.0,0.0,0.0,0.0,0.0,0.045,1.3291,0.0,0.0,0.0,0.0,0.0,0.0,0.0,0.0,0.0,0.0
326,327,0.063,0.0201,0.0024,0.0129,0.0,0.0,0.0,0.0,0.0045,0.0,0.0,0.0,0.0,0.0064,0.0,0.0,0.0,0.0036,0.0,0.0,0.0,0.0,0.0,0.0,0.0,0.0,0.0,0.0,0.0,0.0044
327,328,0.0,0.0029,0.0,0.0,0.0,0.0,0.0,0.0,0.0,0.0,0.0,0.0,0.0,0.0,0.0,0.0,0.0,0.0,0.0,0.0,0.0,0.0,0.0,0.0,0.0,0.0,0.0,0.0,0.0,0.0044
328,329,0.294,0.0,0.0,0.0,0.0,0.0,0.0097,0.0,1.4705,0.0,0.0,0.0,0.2177,0.0,0.0,0.0,0.0776,0.0,0.0,0.0,0.0,0.0,0.0,0.0,0.0,0.0,0.0,0.0,0.0,0.0
329,330,0.147,0.0,0.0,0.0,0.0,0.0,0.0073,0.0,0.0269,0.0,0.0,0.0,0.0544,0.0,0.0259,0.0,0.7199,0.0,0.0,0.0,0.0,0.1265,0.0221,0.0,0.0013,0.0,0.0,0.0,0.0,0.0
330,331,0.0,0.0029,0.0,0.0,0.0,0.0,0.0024,0.0,0.0,0.0,0.0,0.0,0.0,0.0,0.0,0.0,0.0,0.0,0.0,0.0,0.0,0.0,0.0,0.0,0.0,0.0,0.0,0.0,0.0,0.0044
331,332,0.0,0.0,0.0,0.0,0.002,0.0,0.0,0.0,0.0583,0.0,0.0542,0.0331,0.0,0.0,0.0,0.0,0.002,0.0,0.0,0.0,0.0,0.0,0.0,0.0,0.0,0.0,0.0,0.0,0.0231,0.0131
333,334,0.0,0.0719,0.0,0.0,0.0,0.0,0.0146,0.0,0.0,0.0,0.0,0.0301,0.0,0.0,0.0,0.0,0.0,0.0,0.0,0.0,0.0,0.0,0.0,0.0,0.0,0.0,0.0,0.0,0.0231,0.048
334,335,0.0,0.0115,0.0,0.0,0.0,0.0,0.0,0.0,0.0,0.0,0.0,0.0,0.0,0.0,0.0,0.0,0.0,0.0,0.0,0.0,0.0,0.0,0.0,0.0,0.1482,0.0,0.0,0.0,0.0,0.0044
335,336,0.0,0.0,0.0583,0.0,0.0,0.0,0.0,0.0,0.0,0.0,0.0,0.0,0.0,0.0021,0.0,0.0,0.0,0.3485,0.0,0.0,0.0,0.0,0.0,0.014,0.0,0.0,0.0,0.0,0.0,0.0
336,337,0.0,0.0287,0.0,0.041,0.0,0.0,0.0097,0.0,0.0,0.0,0.0,0.006,0.0,0.0,0.0,0.0,0.0,0.0,0.0,0.0,0.0,0.0,0.0,0.0,0.0,0.0,0.0,0.0,0.0,0.0
338,339,1.365,0.0057,0.0,0.0,0.0,0.0,0.0,0.0,8.5582,0.0,0.0271,0.0,0.5444,2.5916,0.0948,0.0,0.891,0.19,0.0,0.0,0.0296,0.0,0.0,0.0983,0.0,0.0,0.0,0.0,0.0231,0.048
340,341,0.0,0.0,0.4787,0.0,1.5883,0.0,0.0,0.0,0.0045,0.0,0.0,0.0,0.0,0.0,0.0,0.0,0.006,0.0,0.0,0.0,0.0,0.0,0.0,0.0,0.0,0.0,0.0,0.0,0.0,0.0044
342,343,0.147,0.0,0.0,0.0,0.0,0.0,0.0,0.0,0.0807,0.0,0.0,0.0,0.3266,0.0,0.0,0.0,0.0318,0.0,0.0,0.0,0.0,0.0,0.0,0.0,0.0,0.0,0.0,0.0,0.0,0.0
343,344,0.378,0.2214,0.0049,0.0,0.0,0.0,0.0024,0.0,0.0359,0.0,0.0,0.0,0.1089,0.2185,18.2798,0.1892,0.0259,0.0678,11.9218,0.8235,0.0,0.0016,0.1324,0.0281,0.0013,0.0,0.0019,0.093,1.0633,1.8927
348,349,0.0,0.023,0.0,0.0,0.0,0.0,0.1892,0.0,0.0134,0.0,0.0,0.003,0.0,0.0021,0.0,0.0,0.002,0.0024,0.0,0.0,0.0099,0.1282,0.7613,0.0,0.9608,0.0,0.0,0.0186,0.0,0.0044
350,351,0.63,0.0661,0.0,0.0,0.0,0.0,0.3686,0.0,0.7263,0.0,0.0,0.003,0.4355,0.0278,0.0,0.2437,0.356,0.0339,0.0038,0.0,0.0197,0.0016,0.0,0.0,6.0048,0.0,0.0019,0.0,0.0,0.0131
351,352,0.0,0.0144,0.0,0.0,0.0,0.0,0.0,0.0,0.0,0.0,0.0542,0.0511,0.0,0.0,0.0,0.0,0.0,0.0,0.0,0.0,0.0,0.0,0.0,0.0,0.0,0.0,0.0,0.0372,0.0,0.0218
353,354,0.021,0.0,0.0024,0.0,0.0,0.0,0.0024,0.0,0.0134,0.0002,0.0,0.0,0.0,0.0,0.0172,0.0,0.0796,0.0036,0.0338,0.0,0.0099,5.1058,0.0,0.0,46.8662,0.0,0.0,0.0,0.0,0.0
355,356,0.0,0.0057,0.0,0.0,0.0,0.0,0.0024,0.0,0.0,0.0,0.0,0.0,0.0,0.0,0.0,0.0,0.0,0.0,0.0,0.0,0.0,0.0,0.0,0.0,0.0,0.0,0.0,0.0,0.0,0.0
356,357,0.0,0.0029,0.0,0.0,0.0,0.0,0.0,0.0,0.0,0.0,0.0,0.0,0.0,0.0,0.0,0.0,0.0,0.0,0.0,0.0,0.0,0.0,0.0,0.0,0.0,0.0,0.0,0.0,0.0,0.0
357,358,0.0,0.0,0.0024,0.0,0.0,0.0,0.0,0.0,0.0045,0.0,0.0,0.0,0.0,0.0,0.0,0.0,0.006,0.0,0.0,0.0,0.0,0.0,0.0,0.0,0.0,0.0,0.0,0.0,0.0,0.0
359,360,0.0,0.0,0.0,0.0,0.0,0.0,0.0,0.0,0.0,0.0,0.0,0.0,0.0,1.9812,0.0,0.0,0.002,1.7292,0.015,0.0,10.7607,0.4007,0.0,4.9171,1.8111,0.0,0.0057,0.0,0.0,0.0
361,362,0.0,0.0201,0.0,0.0,0.0012,0.0,0.0,0.0,0.0,0.0,0.0,0.0,0.0,0.0,0.0,0.0,0.0,0.0,0.0,0.0,0.0,0.0,0.0,0.0,0.0,0.058,0.0,0.0,0.0925,0.0872
368,369,0.0,0.0029,0.0,0.0,0.0,0.0,0.0024,0.0,0.0045,0.0,0.0,0.0,0.0,0.0,0.0,0.0,0.004,0.0,0.0,0.0,0.0,0.0,0.0,0.0,0.0,0.0,0.0,0.0,0.0,0.0
369,370,0.0,0.0029,0.0,0.0,0.0,0.0,0.0024,0.0,0.0,0.0,0.5959,0.3098,0.0,0.0,0.0,0.0,0.0,0.0,0.0,0.0,0.0,0.0,0.0,0.0,0.0,0.0,0.0,0.0,0.0,0.0
370,371,0.084,0.9573,0.5784,0.0,0.0012,0.0,0.0073,0.0,0.0538,0.0,11.9989,1.6963,0.1089,0.0,0.0,0.0,0.0259,0.0012,0.0,0.0,0.0,0.0,0.0,0.0281,0.0,0.0,0.0,6.8799,1.1327,1.0728
372,373,0.0,0.0,0.0,0.0,0.0,0.0,0.0146,0.0,0.0,0.0,0.0,0.0,0.0,0.0,0.0,0.0,0.0,0.0,0.0,0.0,0.0,0.0,0.0,0.0,0.0,0.0,0.0,0.0,0.0,0.0
374,375,0.0,0.069,0.0,0.0,0.0,0.0,0.696,0.0,0.0179,0.0,0.1354,0.1203,0.0,0.0,0.0,0.0,0.004,0.0,0.0075,0.0,0.0,0.0016,0.0,0.0,0.0,0.0,0.0,0.5392,0.0231,0.0567
375,376,0.021,0.0086,0.0,0.0,0.0,0.0,0.0,0.0,0.0269,0.0,0.0,0.0,0.0544,0.0,0.0,0.0,0.0119,0.0,0.0,0.0,0.0,0.0,0.0,0.0,0.0,0.0,0.0,0.1488,0.0,0.0044
377,378,0.0,0.0,0.0,0.0,0.0,0.0,0.0,0.0,0.0,0.0,0.0,0.012,0.0,0.0,0.0,0.0,0.0,0.0,0.0,0.0,0.0,0.0,0.0,0.0,0.0,0.0,0.0,0.0,0.0,0.0
378,379,0.0,0.0,0.0,0.0,0.0,0.0,0.0315,0.0,0.0,0.0,0.0,0.006,0.0,0.0,0.0,0.0,0.0,0.0,0.0,0.0,0.0,0.0,0.0,0.0,0.0,0.0,0.0,0.0,0.0,0.0
383,384,0.0,0.0,0.0049,0.0,0.0,0.0,0.0,0.0,0.0045,0.0,0.0,0.0,0.0,0.0,0.0,0.0,0.0,0.0036,0.0,0.0,0.0296,0.0,0.0,0.0,0.0,0.0,0.0,0.0,0.0,0.0
385,386,0.0,0.0,0.0097,0.0,0.0,0.0,0.0,0.0,0.0,0.0,0.0,0.0,0.0,0.0,0.0,0.0,0.0,0.0,0.0,0.0,0.0,0.0,0.0,0.0,0.0,0.0,0.0,0.0,0.0,0.0
386,387,0.0,0.0,0.0024,0.0,0.0,0.0,0.0,0.0,0.0269,0.0,0.0,0.0,0.0,0.0,0.0,0.0,0.0716,0.0121,0.0,0.0,0.0099,0.0,0.0,0.0,0.0,0.0,0.0,0.0,0.0,0.0
387,388,0.0,0.0,0.0,0.0,0.0,0.0,0.0218,0.0,0.0,0.0,0.0,0.003,0.0,0.0,0.0,0.0,0.0,0.0,0.0,0.0,0.0,0.0,0.0,0.0,0.0,0.0,0.0,0.0,0.0,0.0
388,389,0.0,0.0,0.0243,0.0,0.0,0.0,0.0,0.0,0.0493,0.0,0.0,0.0,0.0,0.045,0.0,0.0,0.1253,0.1597,0.0,0.0,0.0,0.0,0.0,0.0281,0.0,0.0,0.0,0.0,0.0,0.0
389,390,0.0,0.0,0.0,0.0,0.0,0.0,0.0,0.0,0.0,0.0,0.0,0.012,0.0,0.0,0.0,0.0,0.0,0.0,0.0,0.0,0.0,0.0,0.0,0.0,0.0,0.0,0.0,0.0,0.0,0.0044
392,393,0.0,0.0,0.0267,0.0,0.0,0.0,0.0,0.0,0.0,0.0,0.0,0.0,0.0,0.0,0.0,0.0,0.0,0.0048,0.0,0.0,0.0197,0.0,0.0,0.0,0.0,0.0,0.0,0.0,0.0,0.0
397,398,0.0,0.0,0.0,0.0,0.0028,0.0,0.0,0.0,0.0,0.0,0.0,0.0,0.0,0.0,0.0,0.0,0.0,0.0,0.0,0.6501,0.0,0.0,0.0,0.0,0.0,0.0,0.0,0.0,0.0,0.0
399,400,0.0,0.0,0.0,0.0,0.0,0.0,0.0,0.0,0.0,0.0,0.0,0.0,0.0,0.0,0.0,0.0018,0.0,0.0,0.0,0.1011,0.0,0.0,0.0,0.0,0.0,0.0,0.0,0.0,0.0,0.0
400,401,0.0,0.0,0.0,0.0,0.0,0.0,0.0024,0.0,0.0,0.0,0.0,0.0,0.0,0.0,0.0,0.0,0.0,0.0,0.0,0.0,0.0,0.0,0.0,0.0,0.0,0.0,0.0,0.0,0.0,0.0
401,402,0.0,0.0,0.0,0.0,0.0,0.0,0.0,0.0,0.0,0.0,0.0271,0.003,0.0,0.0,0.0,0.4511,0.0,0.0,0.0,0.0,0.0,0.0,0.0,0.0,0.0,0.0,0.0,0.0,0.0,0.0
403,404,0.126,0.0,0.0,0.0,0.0,0.0,0.0073,0.0,0.0493,0.0,0.0,0.003,0.0544,0.0021,0.0,0.0,0.0338,0.0,0.0,0.0,0.0,0.0,0.0,0.0,0.0,0.0,0.0,0.0,0.0,0.0
404,405,0.0,0.0,0.0,0.0,0.0,0.0,0.0,0.0,0.0,0.0012,0.0,0.0,0.0,0.0,0.0,0.0218,0.0,0.0,0.0,0.0,0.0,0.0,0.0,0.0,0.0,0.0,0.0,0.0,0.0,0.0
407,408,0.168,0.0259,0.3597,0.0,0.0,2.48,0.0,0.0,0.1704,0.0,0.0271,0.0511,0.0,0.0129,0.0,0.0,0.0975,0.1065,0.0,0.0,0.0099,0.0,0.0,0.014,0.0,0.0,0.0,0.502,0.0,0.0218
410,411,0.0,0.0,0.0,0.0,0.0,0.0,0.017,0.0,0.0,0.0,0.0,0.0,0.0,0.0,0.0,0.0,0.0,0.0,0.0,0.0,0.0,0.0,0.0,0.0,0.0,0.0,0.0,0.0,0.0,0.0
413,414,0.021,0.0259,0.1166,0.0,0.0,0.0,0.0,0.0,0.0403,0.0,0.0813,0.003,0.0544,0.0,0.0,0.0,0.0159,0.0,0.0,0.0,0.0,0.0,0.0,0.0,0.0,0.0,0.0,0.0,0.0231,0.0
414,415,0.0,0.0,0.0,0.0,0.0,0.0,0.0,0.0,0.0,0.0,0.0271,0.0331,0.0,0.0,0.0,0.0,0.0,0.0,0.0,0.0,0.0,0.0,0.0,0.0,0.0,0.0,0.0,0.0,0.0,0.0
416,417,0.021,0.0,0.0,0.0,0.0,0.0,0.0049,0.0,0.0448,0.0,0.0,0.0,0.2722,0.0,0.0,0.0,0.0298,0.0,0.0,0.0,0.0,0.0,0.0772,0.0,0.0,0.0,0.0,0.0,0.0,0.0
419,420,0.0,0.0575,0.0,0.0,0.0,0.0,0.0,0.0,0.0,0.0,0.0,0.0,0.0,0.0,0.0,0.0,0.0,0.0,0.0,0.0,0.0,0.0,0.0,0.0,0.0,0.0,0.0,0.3905,0.0231,0.0392
420,421,0.0,0.0057,0.0,0.0,0.0,0.0,0.0,0.0,0.0224,0.0,0.0,0.006,0.0,0.0,0.0,0.0,0.0,0.0,0.0,0.0,0.0,0.0,0.0,0.0,0.0,0.0,0.0,0.0,0.0693,0.0392
422,423,0.0,0.0029,0.0,0.0,0.0,0.0,0.0,0.0,0.0,0.0,0.0542,0.006,0.0,0.0,0.0,0.0,0.0,0.0,0.0,0.0,0.0,0.0,0.0,0.0,0.0,0.0,0.0,0.0,0.0,0.0087
423,424,0.0,0.0029,0.0,0.0,0.0016,0.0,0.017,0.0,0.0,0.0,0.0271,0.006,0.0,0.0,0.0,0.0,0.0,0.0,0.0,0.0,0.0,0.0,0.0,0.0,0.0,0.0,0.0,0.0,0.0,0.0044
424,425,0.0,0.138,0.0,0.0,0.0,0.0,0.0,0.0,0.0,0.0,2.1398,0.2045,0.0,0.0,0.0,0.0,0.0,0.0,0.0,0.0,0.0,0.0,0.0,0.0,0.0,0.0,0.0,0.0558,1.7337,0.785
425,426,0.0,0.0402,0.0,0.0,0.0,0.0,0.0,0.0,0.0,0.0,0.0,0.006,0.0,0.0,0.0,0.0,0.0,0.0,0.0,0.0,0.0,0.0,0.0,0.0,0.0,0.0,0.0,0.1116,0.0231,0.0131
427,428,0.0,0.0,0.0,0.0,0.0,0.0,0.0049,0.0,0.0,0.0,0.0,0.0,0.0,0.0,0.0,0.0,0.0,0.0,0.0,0.0,0.0,0.0,0.0,0.0,0.0,0.0,0.0,0.0372,0.0,0.0044
428,429,0.0,0.0719,0.0,0.0,0.0,0.0,0.0437,0.0,0.0,0.0,1.7064,1.588,0.0,0.0,0.0,0.0,0.0,0.0,0.0,0.0,0.0,0.0,0.0,0.0,0.0,0.0,0.0,0.0744,0.0,0.0262
429,430,0.0,0.2041,0.0122,0.0,0.0,0.0,0.0024,0.0,0.0224,0.0,0.0,0.003,0.0,0.0,0.0,0.0,0.002,0.0,0.0,0.0,0.0,0.0,0.0,0.0,0.0,0.0,0.0,0.093,1.5025,0.4317
430,431,0.0,0.0,0.0,0.0,0.0,0.0,0.0,0.0,0.0,0.0,0.0,0.0,0.0,0.0,0.0,0.0,0.0,0.0,0.0,0.0,0.0,0.0,0.0,0.0,0.0,0.0,0.0,0.0186,0.0231,0.0523
431,432,0.021,0.0,0.0243,0.0,0.0,0.0,0.0,0.0,0.0224,0.0,0.0,0.006,0.0,0.0086,0.0,0.0,0.0278,0.0387,0.0,0.0,0.0,0.0,0.0,0.0,0.0027,0.0,0.0,0.0,0.0,0.0
432,433,0.021,0.0,0.0,0.0,0.0,0.0,0.0,0.0,0.0134,0.0,0.0,0.0,0.0,0.0,0.0,0.0,0.0219,0.0,0.0,0.0,0.0,0.0,0.0,0.0,0.0,0.0,0.0,0.0,0.0,0.0
433,434,0.0,0.0,0.0,0.0,0.0,0.0,0.0,0.0,0.0,0.0,0.1083,0.0211,0.0,0.0,0.0,0.0,0.0,0.0,0.0,0.0,0.0,0.0,0.0,0.0,0.0,0.0,0.0,0.0,0.0,0.0044
436,437,0.0,0.2386,0.0,0.0,0.0004,0.0,0.1091,0.0,0.0,0.0,2.0585,1.3023,0.0,0.0,0.0,0.0,0.0,0.0,0.0038,0.0,0.0,0.0081,0.0,0.0,0.0256,0.0,0.0,0.0186,0.2312,0.1483
437,438,0.0,0.0,0.0,0.0,0.0004,0.0,0.0,0.0,0.0179,0.0,0.0271,0.0782,0.0,0.0,0.0,0.0,0.0,0.0,0.0,0.0,0.0,0.0,0.0,0.0,0.0,0.0,0.0,0.0,0.0,0.0
439,440,0.0,0.0,0.0,0.0,0.0,0.0,0.0,0.0,0.0,0.0,0.0,0.0,0.0,0.0,0.0,0.0055,0.0,0.0,0.0,1.6614,0.0,0.0,0.0,0.0,0.0,0.0,0.0019,0.0,0.0,0.0
440,441,0.0,0.0,0.0,0.0,0.0,0.0,0.0,0.0,0.0,0.0,0.0,0.0,0.0,0.0,0.0,6.273,0.0,0.0,0.0,0.0,0.0,0.0,0.0,0.0,0.0,0.0,0.0038,0.0,0.0,0.0
442,443,0.042,0.0172,0.0097,0.0,0.0,0.0,0.0,0.0,0.0448,0.0,0.0542,0.0301,0.0,0.0,0.0,0.0,0.0139,0.0,0.0,0.0,0.0,0.0,0.0,0.0,0.0,0.0,0.0,0.1302,0.0231,0.0262
443,444,0.0,0.0029,0.0,0.0,0.0016,0.0,0.0,0.0,0.0,0.0007,0.0,0.012,0.0,0.0,0.0,0.0,0.0,0.0,0.0,0.0,0.0,0.0,0.0,0.0,0.0,0.0,0.0,0.0,0.0,0.0
444,445,0.0,0.046,0.0,0.0022,0.0,0.0,0.4123,0.0,0.0179,0.0,0.0,0.0,0.0,0.0214,0.0,0.0,0.0159,0.0121,0.0,0.0144,0.0,0.0162,0.0,0.0,0.0,0.4059,0.0057,0.1116,0.0462,0.0174
448,449,0.0,0.0201,0.0,0.0,0.0,11.73,2.2384,0.0,0.0,0.0,0.0,0.009,0.0,0.0,0.0,0.0,0.0,0.0,0.0,0.0,0.0,0.0032,0.0,0.0,0.0,0.0,0.0,0.0186,0.0231,0.2224
450,451,0.0,0.0,0.0,0.0,0.0,0.0,0.0146,0.0,0.0,0.0,0.0,0.0,0.0,0.0,0.0,0.0,0.0,0.0,0.0,0.0,0.0,0.0,0.0,0.0,0.0,0.0,0.0,0.0,0.0,0.0087
452,453,0.0,0.0029,0.0,0.0,9.0414,0.0,0.0,0.0,0.0,0.0,0.0,0.0,0.0,0.0,0.0,0.0,0.0,0.0,0.0,0.0,0.0,0.0,0.0,0.0,0.0,0.0,0.0,0.0,0.0,0.0044
454,455,0.063,0.3162,0.1482,0.0,0.0299,0.0,0.0,0.0,0.5873,0.0,0.0,0.012,0.0544,0.0043,0.0,0.0,0.0597,0.0194,0.0,0.0,0.0296,0.0,0.0,0.0,0.0,0.0,0.0,4.5928,0.5086,0.3096
455,456,0.273,0.0029,0.0,0.0,0.0,0.0,0.0,0.0,0.1883,0.0,0.0,0.0,0.2177,0.0,0.0,0.0,0.0895,0.0,0.0,0.0,0.0,0.0,0.0,0.0,0.0,0.0,0.0,0.0,0.0,0.0
459,460,0.0,0.0,0.1094,0.0129,0.9269,0.0,0.0,0.0,0.0134,0.0,0.0,0.003,0.0,0.0,0.0,1.4168,0.006,0.0,0.0,0.0,0.0,0.0,0.0,0.0,0.0,0.0,0.0019,0.0,0.0,0.0044
460,461,0.0,0.0,0.0,0.0,0.9086,0.0,0.0,0.0,0.0,0.0,0.0,0.0,0.0,0.0,0.0,0.0,0.0,0.0,0.0,0.0,0.0,0.0,0.0,0.0,0.0,0.0,0.0,0.0,0.0,0.0
461,462,0.021,0.0201,0.0097,0.0151,0.0,0.0,0.5772,0.0,0.0179,0.0,2.1398,1.2151,0.0544,0.0171,0.0129,1.3277,0.0239,0.0,0.0113,0.0,0.0,0.0,0.6951,0.0,0.2655,0.0,0.0038,0.0372,0.0462,0.0174
464,465,0.0,0.0,0.0,0.0,0.0,0.0,0.0,0.0,0.0,0.0,0.0,0.0,0.0,0.0,0.0,0.0,0.0,0.0,0.0038,0.0,0.0,0.0,0.0,0.0,0.0013,0.029,0.0,0.0,0.0,0.0044
465,466,0.0,0.0,0.0,0.0,0.0016,0.0,0.0,0.0,0.0,0.0,0.0,0.0,0.0,0.0,0.0,0.0,0.0,0.0,0.0,0.0289,0.0,0.0,0.0,0.0,0.0,0.0,0.0,0.0,0.0,0.0
466,467,0.0,0.1179,0.0,0.0,0.0,0.0,0.1382,0.0,0.0,0.368,0.7584,0.4993,0.0,0.0,0.0,0.0,0.0,0.0,0.0,0.0,0.0,0.0,0.0,0.0,0.0,0.0,0.0,0.0,0.0231,0.0262
468,469,0.0,0.0029,0.0,0.0,0.0,0.0,0.0,0.0,0.0,0.0,0.0,0.0,0.0,0.0,0.0,0.0,0.0,0.0,0.0,0.0,0.0,0.0,0.0,0.0,0.0,0.0,0.0,0.0,0.0,0.0
469,470,0.0,0.0057,0.0462,0.0,0.0,0.0,0.0,0.0,0.0179,0.0,0.1625,0.1323,0.0544,0.0,0.0,0.0,0.006,0.0,0.0,0.0,0.0,0.0,0.0,0.0,0.0,0.0,0.0,0.0744,0.0,0.0087
470,471,0.084,0.0,0.52,0.0,0.0,0.0,0.0,0.0,0.1793,0.0,0.0,0.0,0.2722,0.0,0.0,0.0,0.0497,0.0085,0.0,0.0,0.1182,0.0,0.0,0.0,0.0,0.0,0.0,0.0,0.0,0.0
473,474,0.063,0.0,0.1045,0.0,0.0,0.0,0.0,0.0,0.0762,0.0,0.0,0.003,0.0,0.0,0.0,0.0527,0.0278,0.0,0.0038,0.0,0.0,0.0,0.0,0.0,0.1388,0.0,0.0,0.0,0.0,0.0
474,475,0.0,0.0029,0.0,0.0,0.0,0.0,0.0,0.0,0.0,0.0,0.0271,0.009,0.0,0.0,0.0,0.0,0.0,0.0,0.0,0.0,0.0,0.0,0.0,0.0,0.0,0.0,0.0,0.0,0.0,0.0044
478,479,0.0,0.0,0.0,0.0,0.0,0.0,0.0776,0.0,0.0,0.0,0.0,0.0,0.0,0.0,0.0,0.0,0.0,0.0,0.0,0.0,0.0,0.0,0.0,0.0,0.0,0.0,0.0,0.0,0.0,0.0
479,480,0.0,0.0086,0.0,0.0,0.0,0.0,0.0,0.0,0.0,0.0,0.0,0.003,0.0,0.0,0.0,0.0,0.0,0.0,0.0,0.0,0.0,0.0,0.0,0.0,0.0,0.0,0.0,0.0558,0.0231,0.0131
480,481,0.0,0.0057,0.0,0.0,0.0,0.0,0.0049,0.0,0.0,0.0,0.0,0.015,0.0,0.0,0.0,0.0036,0.0,0.0,0.0,0.0,0.0,0.2353,0.0,0.0,0.0013,0.029,0.0,0.0,0.0,0.0
481,482,0.0,0.0086,0.0,0.0,0.0,0.0,0.0,0.0,0.0,0.0,0.0271,0.003,0.0,0.0,0.0,0.0,0.0,0.0,0.0,0.0,0.0,0.0,0.0,0.0,0.0,0.0,0.0,0.0,0.0,0.0044
482,483,0.0,0.0115,0.0,0.0,0.0,0.0,0.0,0.0,0.0,0.0,0.0271,0.0391,0.0,0.0,0.0,0.0,0.0,0.0,0.0,0.0,0.0,0.0,0.0,0.0,0.0,0.0,0.0,0.0186,0.0,0.0044
483,484,0.0,0.0575,0.0073,0.0,0.0004,0.0,0.0049,25.33,0.0,0.0,0.5688,0.5053,0.0,0.0,0.0,0.0,0.004,0.0,0.0,0.0,0.0,0.0,0.0,0.0,0.0,0.0,0.0,0.0558,0.0925,0.0785
486,487,0.0,0.0,0.0,0.0,0.0,0.0,0.0,0.0,0.0,0.0,0.0,0.0,0.0,0.0,0.0,0.0,0.002,0.0,0.0,0.0,0.0,0.0,0.0,0.0,0.0,0.0,0.0,0.0,0.0,0.0
487,488,0.0,0.0,0.0,0.0194,0.0,0.0,0.0461,0.0,0.0,0.0,0.0,0.0541,0.0,0.0,0.0,0.0,0.0,0.0,0.0,0.0,0.0,0.0,0.0,0.0,0.0,0.0,0.0,0.0,0.0,0.0
488,489,0.0,0.0,0.0,0.0,0.0,0.0,0.0,0.0,0.0,0.0,0.0,0.012,0.0,0.0,0.0,0.0,0.0,0.0,0.0,0.0,0.0,0.0,0.0,0.0,0.0,0.0,0.0,0.0,0.0,0.0
489,490,0.0,0.023,0.0,0.0,0.0,0.0,0.0024,0.0,0.0,0.0,1.6522,2.1414,0.0,0.0,0.0,0.0,0.0,0.0,0.0,0.0,0.0,0.0,0.0,0.0,0.0,0.0,0.0,0.0372,0.0462,0.0611
490,491,0.462,0.4456,1.825,0.0518,0.01,7.58,0.0534,0.0,0.6366,0.0,3.1419,4.7009,0.5444,0.0236,6.3634,0.0109,0.1869,0.0992,0.6903,17.2782,0.0,0.0,0.0,0.014,0.0081,0.0,0.0859,0.7996,0.9015,0.7283
494,495,0.063,0.0,0.0,0.0,0.0,0.0,0.0,0.0,0.0,0.0,0.0,0.0,0.0,0.0,0.0,0.0,0.002,0.0,0.0,0.0,0.0,0.0,0.0,0.0,0.0,0.0,0.0,0.0,0.0,0.0
496,497,0.0,0.0,0.017,0.0,0.0,0.0,0.0,0.0,0.0,0.0,0.0,0.0,0.0,0.0,0.0,0.0,0.0,0.0,0.0,0.0,0.0,0.0,0.0,0.0,0.0,0.0,0.0,0.0,0.0,0.0
499,500,0.0,0.0029,0.0,0.0,0.0,0.0,0.0,0.0,0.0,0.0,0.0,0.009,0.0,0.0,0.0,0.0,0.0,0.0,0.0,0.0,0.0,0.0,0.0,0.0,0.0,0.0,0.0,0.0186,0.0,0.0044
502,503,0.0,0.0,0.0,0.0,0.0,0.41,0.0146,0.0,0.0,0.0,0.0,0.003,0.0,0.0,0.0,0.0,0.0,0.0,0.0,0.0,0.0,0.0,0.0,0.0,0.0,0.0,0.0,0.0,0.0,0.0044
508,509,0.0,0.0,0.0,0.0,0.0,0.0,0.0,0.0,0.0,0.0,0.0,0.0,0.0,0.0878,0.0,0.0,0.0,0.0714,0.0,0.0,0.069,0.0,0.0,0.1405,0.0,0.0,0.0,0.0,0.0,0.0
511,512,0.021,0.0,0.0024,0.0,0.0,0.0,0.0,0.0,0.0045,0.0,0.0,0.0,0.3811,0.0,0.0,0.0,0.002,0.0,0.0,0.0,0.0,0.0,0.0,0.0,0.0,0.0,0.0,0.0,0.0,0.0
513,514,0.021,0.0,0.2333,0.0,0.0,0.0,0.0,0.0,0.0045,0.0,0.0,0.0,0.0,0.0129,0.0,0.0,0.0497,0.0,0.0,0.0,0.0,0.0,0.0,0.0,0.0,0.0,0.0,0.0186,0.0,0.0
517,518,0.021,0.0,0.0,0.0,0.0,0.0,0.0,0.0,0.0762,0.0,0.0,0.0,0.3266,0.0,0.0,0.0,0.0159,0.0,0.0,0.0,0.0,0.0,0.0,0.0,0.0,0.0,0.0,0.0,0.0,0.0
518,519,0.0,0.0,0.0,0.0,0.0,0.0,0.0,0.0,0.0,0.0,0.0,0.0,0.0,0.0,0.0,0.0,0.0,0.0,0.0,2.6582,0.0,0.0,0.0,0.0,0.0,0.0,0.0,0.0,0.0,0.0
521,522,0.063,0.0057,0.0,0.0,0.0,0.0,0.0,0.0,0.0717,0.0,0.0,0.0,0.2722,0.0,0.0,0.0,0.1332,0.0,0.0,0.0,0.0,0.0,0.0,0.0,0.0,0.0,0.0,0.0,0.0,0.0087
522,523,0.0,0.0,0.0,0.0,0.0,0.0,0.0,0.0,0.0,0.0,0.0,0.009,0.0,0.0,0.0,0.0,0.0,0.0,0.0,0.0,0.0,0.0,0.0,0.0,0.0,0.0,0.0,0.0,0.0,0.0
524,525,0.0,0.0,0.0,0.0,0.0088,0.0,0.0,0.0,0.0,0.0,0.0,0.0,0.0,0.0,0.0043,0.0,0.0,0.0,0.03,0.0,0.0,0.0,0.0,0.0,0.0,0.0,0.0,0.0,0.0,0.0
525,526,0.021,0.0546,0.3961,0.0,0.0004,0.0,0.0994,0.0,0.0224,0.0,0.0271,0.009,0.0,0.0857,0.0,0.0,0.0139,0.0206,0.045,0.0,0.0099,0.5435,0.0,0.0,0.0027,0.0,0.0,0.0558,0.0231,0.0523
528,529,0.0,0.0,0.0,0.0,0.0,0.59,0.0073,0.0,0.0179,0.0,0.0,0.0,0.0,0.0,0.0,0.0,0.0,0.0,0.0,0.0,0.0,0.0,0.0,0.0,0.0,0.0,0.0,0.0,0.0,0.0
530,531,0.0,0.0029,0.0,0.0,0.0,0.0,0.0,0.0,0.0,0.0,0.0,0.0,0.0,0.0,0.0,0.0,0.0,0.0,0.0,0.0,0.0,0.0,0.0,0.0,0.0,0.0,0.0,0.0,0.0,0.0
531,532,0.0,0.0,0.0,0.0,0.0,0.0,0.0,0.0,0.0,0.0,0.1354,0.0692,0.0,0.0,0.0,0.0,0.0,0.0,0.0,0.0,0.0,0.0,0.0,0.0,0.0,0.0,0.0,0.0186,0.0,0.0131
532,533,0.0,0.0,0.0,0.0,0.0,0.0,0.1455,0.0,0.0,0.0,0.0,0.0271,0.0,0.0,0.0,0.0018,0.0,0.0,0.0,0.0,0.0,0.0,0.0,0.0,0.0,0.0,0.0,0.0,0.0,0.0
533,534,0.0,0.0345,0.0,0.0,0.0,0.0,0.0,0.0,0.0,0.0,0.0,0.406,0.0,0.0,0.0,0.0,0.0,0.0,0.0,0.0,0.0,0.0,0.0,0.0,0.0,0.0,0.0,0.0186,0.0693,0.0436
534,535,0.0,0.0,0.0,0.0,0.0,0.0,0.0,0.0,0.0224,0.0,0.0,0.0,0.0,0.0,0.0,0.0,0.0,0.0,0.0,0.0,0.0,0.0,0.0,0.0,0.0,0.0,0.0,0.0,0.0,0.0
536,537,0.021,0.0,0.0049,0.0,0.0,0.0,0.0024,0.0,0.0583,0.0,0.0,0.006,0.0544,0.0021,0.0,0.14,0.0219,0.0061,0.0038,0.0,0.0197,0.0,0.0662,0.0,0.0,0.0,0.0076,0.0,0.0,0.0
537,538,0.0,0.0115,0.0,0.0,0.0016,0.0,0.0,0.0,0.0,0.0,0.0,0.0,0.0,0.0,0.0,0.0,0.0,0.0,0.0,0.0,0.0,0.0,0.0,0.0,0.0,0.0,0.0,0.0186,0.0,0.0
539,540,0.042,0.0,0.0146,0.0,0.0,0.0,0.0,0.0,0.0134,0.0,0.0,0.0,0.0,0.0,0.0,0.0,0.004,0.0,0.0,0.0,0.0,0.0,0.0,0.0,0.0,0.0,0.0,0.0,0.0,0.0
541,542,0.0,0.0,0.0194,0.0,0.0,0.0,0.0,0.0,0.0,0.0,0.0,0.0,0.0,0.0,0.0,0.0,0.0,0.0,0.0,0.0,0.0,0.0,0.0,0.0,0.0,0.0,0.0,0.0,0.0,0.0
542,543,0.0,0.0,0.0,0.0,0.0,0.0,0.0,0.0,0.0045,0.0,0.0,0.0,0.0,0.0364,0.0,0.0,0.0,0.0,0.0,0.0,0.0,0.0,0.0,0.0,0.0,0.0,0.0,0.0,0.0,0.0
548,549,0.168,0.8826,0.3669,0.0,0.0012,0.0,0.2013,0.0,0.6276,0.0,0.6771,0.8632,0.1089,0.0,0.0,0.0,0.0477,0.0,0.0,0.0,0.0,0.0,0.0,0.0,0.0013,0.0,0.0,0.3905,0.6472,0.5277
549,550,0.0,3.0014,0.0,0.0,0.0,0.0,0.0,0.0,0.0,0.0,0.2438,0.2556,0.0,0.0,0.0,0.0655,0.0,0.0,0.0,0.0,0.0,0.0,0.0,0.0,0.0,0.0,23.916,2.3243,3.0051,3.2795
550,551,0.021,0.0,0.0,0.0,0.0,0.0,0.0,0.0,0.0,0.0,0.0,0.0,0.0,0.0,0.0,0.0,0.0,0.0,0.0,0.0,0.0,0.0,0.0,0.0,0.0,0.0,0.0,0.0,0.0,0.0
555,556,0.126,0.0,0.0097,0.0,0.0,0.0,0.0,0.0,0.0448,0.0,0.0,0.0,0.0544,0.0,0.0,0.0,0.0219,0.0,0.0,0.0,0.0,0.0,0.0,0.0,0.0,0.0,0.0,0.0558,0.0,0.0
556,557,0.0,0.0,0.0,0.0,0.0,0.0,0.0,0.0,0.0,0.0,0.0,0.012,0.0,0.0,0.0,0.0,0.0,0.0,0.0,0.0,0.0,0.0,0.0,0.0,0.0,0.0,0.0,0.0,0.0,0.0044
560,561,0.0,0.0144,0.068,0.0,0.0004,0.0,0.0,0.0,0.1031,0.0,0.0,0.0241,0.0,0.0,0.0043,0.0,0.008,0.0,0.0525,0.0289,0.0,0.7074,0.0,0.0,0.004,0.0,0.0,0.0186,0.0693,0.0741
561,562,0.0,0.0,0.0,0.0,0.0,0.0,0.0,0.0,0.0,0.0,0.0,0.0,0.0,0.0,0.0,0.0,0.0,0.0,0.0,0.0,0.0,0.0,0.0,0.0,0.0,0.0,0.0,0.0,0.0,0.0087
562,563,0.021,0.046,0.0,0.0,0.0004,0.0,0.0,0.0,0.52,0.0,0.0271,0.0211,0.0,0.0043,0.0,0.0,0.0298,0.0,0.0,0.0,0.0,0.0,0.0,0.0,0.0,0.0,0.0,0.0558,0.0925,0.2268
563,564,0.0,0.0057,0.0,0.0,0.0,0.62,0.0437,0.0,0.0,0.0,0.0,0.006,0.0,0.0,0.0,0.0,0.0,0.0,0.0,0.0144,0.0,0.0,0.0,0.0,0.0,0.0,0.0,0.0558,0.0,0.0044
564,565,0.0,0.0057,0.0,0.0,0.0,0.0,0.3904,0.0,0.0,0.0,0.9751,0.0692,0.0,0.0,0.0,0.0055,0.0,0.0,0.0,0.0,0.0,0.0,0.0,0.0,0.0,0.0,0.0,0.0,0.0231,0.0044
565,566,0.042,0.0,0.1312,0.0,0.0,0.0,0.0,0.0,0.0493,0.0,0.0,0.0,0.0,0.347,0.0,0.0,0.008,0.1561,0.0,0.0,0.138,0.0,0.0,0.281,0.0,0.0,0.0,0.0,0.0,0.0
568,569,0.0,0.0029,0.0,0.0,0.0,0.0,0.6087,0.0,0.0,0.0,0.0,0.0,0.0,0.0,0.0,0.0,0.0,0.0,0.0,0.0,0.0,0.0,0.0,0.0,0.0,0.0,0.0,0.0,0.0,0.0087
571,572,3.2969,0.1639,12.4371,0.0173,0.0,0.0,4.9279,0.0,0.9504,0.0034,4.7671,1.6692,1.5242,0.9167,0.1983,78.8367,6.8474,0.9317,0.0413,0.0,0.3055,1.4229,0.0,0.0983,3.66,0.0,0.0802,0.2045,0.2774,0.1526
573,574,0.0,0.0,0.2187,0.0,0.0,0.0,0.0,0.0,0.0134,0.0,0.0,0.0,0.1089,4.5706,0.0,0.0,0.0338,0.2239,0.0,0.0,0.0985,0.0,0.0,0.2107,0.0,0.0,0.0,0.0,0.0,0.0262
574,575,27.8244,0.2242,0.0073,0.0,0.0,0.0,0.0534,0.0,6.5633,0.0,0.0,0.0,4.3005,23.9366,0.194,0.0,39.0696,27.0362,0.1576,0.0867,2.1778,0.0,0.0,2.6131,0.0,0.0,0.0,0.0186,0.1387,0.1352
576,577,0.021,0.0,0.0073,0.0,0.0,0.0,0.0,0.0,0.0359,0.0,0.0,0.0,0.0,0.0,0.0,0.0,0.004,0.0024,0.0,0.0,0.0,0.0,0.0,0.0,0.0,0.0,0.0,0.0,0.0,0.0
577,578,0.0,0.0,0.0,0.0,0.0,0.0,0.0,0.0,0.0,0.0,0.0,0.0,0.0,0.0,0.0,0.0,0.002,0.0,0.0,0.0,0.0,0.0,0.0,0.0,0.0,0.0,0.0,0.0,0.0,0.0
580,581,2.289,0.0,0.1847,0.0,0.0,0.0,0.0,0.0,1.2866,0.0,0.0,0.0,14.4801,8.1002,0.0,0.0,0.7498,0.1984,0.0,0.0,0.1182,0.0,0.0,0.1264,0.0,0.0,0.0,0.0,0.0,0.0
581,582,0.0,0.0029,0.0,0.0,0.0,0.0,0.0,0.0,0.0,0.0,0.0,0.0,0.0,0.0,0.0,0.0,0.0,0.0,0.0,0.0,0.0,0.0,0.0,0.0,0.0,0.0,0.0,0.0,0.0,0.0
583,584,0.21,0.0,0.0535,0.0,0.0,0.0,0.0,0.0,0.1614,0.0002,0.0,0.0,0.1633,0.0578,0.0,0.0,0.5569,0.0726,0.0,0.0,0.0,0.0,0.0,0.0,0.0,0.0,0.0,0.0,0.0,0.0
584,585,0.0,0.0057,0.017,0.0,0.0,0.0,0.0,0.0,0.0,0.0,0.0,0.0,0.0,0.0,0.0,0.0018,0.0,0.0,0.0,0.0,0.0,0.0,0.0,0.0,0.0,0.0,0.0,0.0186,0.0,0.0
585,586,0.0,0.0086,0.0,0.0,0.0,0.0,0.0,0.0,0.0,0.0,0.0542,0.0481,0.0,0.0,0.0,0.0,0.0,0.0,0.0,0.0,0.0,0.0,0.0,0.0,0.0,0.0,0.0,0.0186,0.0,0.0131
586,587,0.546,9.9644,2.6877,0.0,14.9556,0.0,2.9296,0.0,0.5156,0.0,0.2709,0.2707,0.4355,5.4637,0.0172,0.0,0.2486,4.4651,0.0038,0.0578,58.2676,32.1306,0.0,19.5701,14.3491,0.0,0.0,0.8181,3.6755,3.2708
587,588,0.0,0.0057,0.0,0.0,0.0,0.0,0.0,0.0,0.0,0.0,0.0,0.0,0.0,0.0,0.0,0.0,0.0,0.0,0.0,0.0,0.0,0.0,0.0,0.0,0.0,0.0,0.0,0.0186,0.0,0.0044
588,589,0.0,2.113,0.0,0.0,0.0016,0.0,0.034,0.0,0.0,0.0,2.4919,2.1625,0.0,0.0,0.0,0.0,0.0,0.0,0.015,0.0,0.0,0.0,0.0,0.0,0.0,0.0,0.0,1.8408,12.3209,16.3541
589,590,0.0,0.0057,0.0,0.0,0.0,0.0,0.0,0.0,0.0,0.0,0.0,0.012,0.0,0.0,0.0,0.0,0.0,0.0,0.0,0.0,0.0,0.0,0.0,0.0,0.0,0.0,0.0,0.0186,0.0231,0.0131
590,591,0.084,7.2418,0.0,0.0,0.0008,0.0,4.5689,7.37,0.1569,0.0,0.0,0.0,0.1089,0.0,0.0517,0.0,0.0855,0.0,0.0,0.0,0.0,0.0,0.0,0.0,0.0,0.0,0.0,0.5392,0.393,0.4187
595,596,0.0,0.0,0.0024,0.0,0.0004,0.0,0.0,0.0,0.009,19.975,0.0,0.0,0.0,0.3448,0.0,1.4041,0.0,0.3364,0.0225,0.0433,0.4237,1.6484,0.651,3.7932,0.0013,0.145,0.0038,0.0186,0.0,0.0
596,597,0.0,0.0086,0.0,0.0,0.0,0.0,0.0,0.0,0.0,0.0,0.0,0.018,0.0,0.0,0.0,0.0,0.0,0.0,0.0,0.0,0.0,0.0,0.0,0.0,0.0,0.0,0.0,0.0372,0.0231,0.0
598,599,0.0,1.0551,0.0,0.0,0.0008,0.0,0.3565,0.0,0.0,0.0,0.1896,0.2707,0.0,0.0,0.0,0.0,0.0,0.0,0.0038,0.0,0.0,0.0,0.0,0.0,0.0,0.0,0.0,11.3983,1.0633,0.9376
599,600,0.168,0.0029,0.0,0.0,0.0004,0.0,0.0,0.0,0.1166,0.0,0.0,0.018,0.0544,0.0,0.0,0.0,0.1193,0.0,0.0,0.0,0.0,0.0,0.0,0.0,0.0,0.0,0.0,0.0186,0.0,0.0
600,601,0.0,0.0144,0.0,0.0,0.0,0.0,0.0024,0.0,0.0,0.0,0.0,0.009,0.0,0.0,0.0,0.0,0.0,0.0,0.0,0.0,0.0,0.0,0.0,0.0,0.0,0.0,0.0,0.0372,0.0462,0.0611
601,602,0.0,0.0029,0.0,0.0,0.0139,0.0,0.017,0.0,0.0,0.0,0.0542,0.0301,0.0,0.0,0.0,0.4802,0.0,0.0,0.0,0.0,0.0,0.0,0.0,0.0,0.0,0.0,0.0,0.0186,0.0231,0.0044
604,605,0.0,0.3277,0.0,0.0,0.0008,0.0,0.4996,0.0,0.0,0.0,0.0,0.0,0.0,0.0,0.0,0.0,0.0,0.0,0.0,0.0,0.0,0.0,0.0,0.0,0.0,0.0,0.0,0.0558,0.1618,0.0654
605,606,0.483,0.0057,0.1118,0.0,0.0004,0.0,0.0,0.0,0.5111,0.0,0.0271,0.018,0.1633,0.0,0.0,0.0,0.181,0.0012,0.0,0.0,0.0,0.0,0.0,0.0,0.0,0.0,0.0,0.0,0.0231,0.0218
606,607,0.042,0.0,0.0,0.0,0.0,0.0,0.0218,0.0,0.0314,0.0,0.0,0.003,0.0544,0.0,0.0,0.0,0.3242,0.0,0.0,0.0,0.0,0.0,0.0,0.0,0.0,0.0,0.0,0.0,0.0,0.0
608,609,2.5619,0.0,0.0122,0.0,0.0,0.0,0.0,0.0,1.8381,0.0,0.0,0.0,0.7077,4.6841,0.0,0.0,1.4319,1.0068,0.0,0.0,1.488,0.0,0.0,0.7165,0.0,0.0,0.0,0.0,0.0,0.0044
610,611,0.0,0.0057,0.0,0.0,0.0,0.0,0.0,0.0,0.0045,0.0,0.0,0.009,0.0,0.0,0.1681,0.0,0.002,0.0,0.0113,0.0,0.0,0.0,0.0,0.0,0.2628,0.087,0.2805,0.0186,0.0231,0.0
612,613,0.042,0.0057,0.051,0.1424,0.0,0.0,0.0,0.0,0.0269,0.0,0.0,0.4541,0.0,0.1135,0.0,0.0,0.006,0.1646,0.015,0.0722,0.0493,0.0,0.0,0.014,0.0,0.029,0.0,0.0,0.0,0.0
613,614,0.0,0.3019,0.0,0.0,0.0,0.0,0.0146,0.0,0.0,0.0,0.0,0.0241,0.0,0.0,0.6079,0.0855,0.0,0.0,1.7894,0.7657,0.0,1.0497,0.0,0.0,0.1846,4.929,2.0324,0.0372,0.0231,0.0131
614,615,0.105,0.0086,0.0,0.0,0.0,0.0,0.0,0.0,0.0269,0.0,0.0,0.0,0.0544,0.6618,0.5217,0.0,0.0457,0.1198,0.0,0.0,0.0887,0.0,0.0,0.0983,0.0,0.0,0.0,0.0186,0.0231,0.048
615,616,0.0,0.0115,0.0,0.0,0.0,0.0,0.0024,0.0,0.0,0.0,0.0542,0.0722,0.0,0.0,0.0,0.0,0.0,0.0,0.0,0.0,0.0,0.0,0.0,0.0,0.0,0.0,0.0,0.0186,0.0231,0.0044
616,617,0.0,0.0345,0.0,0.0,0.0,0.0,0.0,0.0,0.0,0.0,0.0271,0.0,0.0,0.0,0.0,0.0,0.0,0.0,0.0,0.0,0.0,0.0,0.0,0.0,0.0,0.0,0.0,0.0186,0.1156,0.048
617,618,0.0,0.0,0.0,0.0,0.0016,0.0,0.0,0.0,0.0,0.0,0.0,0.0,0.0,0.0,0.0,0.0,0.0,0.0,0.0,0.0,0.0,0.0,0.0,0.0,0.0,0.0,0.0,0.0,0.0,0.0
621,622,0.0,0.0,0.0,0.0,0.0,0.0,0.0,0.0,0.0,0.0,0.0,0.0,0.0,0.1349,0.0,0.0,0.0,0.1416,0.0,0.0,0.069,0.0,0.0,0.0843,0.0,0.0,0.0,0.0,0.0,0.0
624,625,0.0,0.4312,0.0,0.0,0.0004,0.0,0.0,0.0,0.009,0.0,0.0,0.0,0.1633,0.0,0.0,0.0,0.002,0.0,0.0,0.0,0.0,0.0,0.0,0.0,0.0,0.0,0.0,0.3161,0.393,0.4492
625,626,0.0,0.0,0.0,0.0,0.0,0.0,0.0024,0.0,0.0,0.0,0.0,0.0,0.0,0.0,0.0,0.0,0.0,0.0,0.0,0.0,0.0,0.0,0.0,0.0,0.0,0.0,0.0,0.0,0.0,0.0
627,628,0.0,0.0029,0.0073,0.0,0.0,0.0,0.0,0.0,0.009,0.0,0.2709,0.1774,0.0,0.0,0.0,0.0,0.004,0.0,0.0,0.0,0.0,0.0081,0.6069,0.0,0.4973,0.0,0.0,0.0,0.0,0.0044
629,630,0.0,0.0029,0.0,0.0,0.0,0.0,0.1358,0.0,0.0,0.0,0.0,0.0,0.0,0.0,0.0,0.0,0.0,0.0,0.0,0.0,0.0,0.0,0.0,0.0,0.0,0.0,0.0,0.0,0.0,0.0
630,631,0.0,0.0,0.0,0.0,0.0,0.0,0.0,0.0,0.0,0.0,0.0,0.0,0.0,0.0,0.0,0.0,0.0,0.0,0.0,0.0,0.0,0.0,0.0,0.0,0.0,0.0,0.0,0.0,0.0,0.0087
631,632,0.0,0.0,0.0,0.0,0.0,0.0,0.0,0.0,0.0,0.0,0.0271,0.0361,0.0,0.0,0.0,0.0,0.0,0.0,0.0,0.0,0.0,0.0,0.0,0.0,0.0,0.0,0.0,0.0,0.0,0.0
633,634,0.0,0.0144,0.0,0.0,0.0024,0.0,0.0024,0.0,0.0,0.0,0.0,0.003,0.0,0.0,0.4397,0.0564,0.0,0.0,17.924,11.9041,0.0,0.0032,0.0,0.0,0.0054,0.0,0.0,0.0186,0.0231,0.0087
640,641,0.0,0.0,0.0243,0.0,0.0004,0.0,0.0,0.0,0.0,0.0,0.0,0.0,0.0,0.0,0.0,0.0,0.0,0.0,0.0,0.0,0.0,0.0,0.0,0.0,0.0,0.0,0.0,0.0,0.0,0.0
643,644,0.0,0.0115,0.0,0.0,0.0,0.0,0.0243,0.0,0.0,0.0,0.0271,0.0241,0.0,0.0,0.0,0.0,0.0,0.0,0.0,0.0,0.0,0.0,0.0,0.0,0.0,0.0,0.0,0.0,0.0,0.0
645,646,0.0,0.0,0.0146,0.0,0.0016,0.0,0.0,0.0,0.0,0.0,0.0,0.0,0.0,0.0,0.0,0.0,0.0,0.0,0.0,0.0,0.0,0.0,0.0,0.0,0.0,0.0,0.0,0.0,0.0,0.0
646,647,1.533,1.4087,1.7278,0.0,0.0052,0.54,0.0,0.0,3.1875,0.0,0.1354,3.8407,1.3065,1.8505,0.1423,0.2273,0.7955,0.415,0.0,0.0578,0.1084,0.0,0.0,0.0702,0.0,0.029,0.0248,1.1528,0.1618,0.1221
647,648,0.0,0.0,0.0,0.0,0.0,0.0,0.0,0.0,0.0,0.0,0.0271,0.009,0.0,0.0,0.0,0.0,0.0,0.0,0.0,0.0,0.0,0.0,0.0,0.0,0.0,0.0,0.0,0.0,0.0,0.0
651,652,0.0,0.0115,0.0,0.0,0.0,0.0,0.0,0.0,0.0,0.0,0.0,0.0,0.0,0.0,0.0,0.0,0.0,0.0,0.0,0.0,0.0,0.0,0.0,0.0,0.0,0.0,0.0,0.0,0.0,0.0
653,654,0.0,0.0029,0.0,0.0,0.0,0.0,0.0,0.0,0.0,0.0,0.0,0.006,0.0,0.0,0.0,0.0,0.0,0.0,0.0,0.0,0.0,0.0,0.0,0.0,0.0,0.0,0.0,0.0,0.0,0.0
654,655,0.0,0.0,0.1482,0.0,0.0,0.0,0.0,0.0,0.0045,0.0,0.0,0.0,0.0,0.0,0.0,0.0,0.006,0.0,0.0,0.0,0.0,0.0,0.0,0.0,0.0,0.0,0.0,0.0,0.0,0.0
655,656,0.0,0.0201,0.0,0.0,0.0557,0.0,0.1164,0.0,0.0,0.0,0.0271,0.0301,0.0,0.0,0.0,0.0,0.0,0.0,0.0,0.0,0.0,0.0,0.0,0.0,0.0,0.0,0.0,0.0,0.0,0.0044
657,658,0.0,0.046,0.0,0.0,0.0004,0.0,0.0,0.0,0.0,0.0,0.0271,0.015,0.0,0.0,0.0,0.0,0.0,0.0,0.0,0.0,0.0,0.0,0.0,0.0,0.0,0.0,0.0,0.0186,0.2312,0.4405
658,659,0.0,0.4485,0.0,0.0,0.0,0.0,0.08,1.49,0.0,0.0,3.7378,3.9731,0.0,0.0,0.0,0.0,0.0,0.0,0.0,0.0,0.0,0.0,0.0,0.0,0.0,0.0,0.0,0.6694,0.6935,0.5102
659,660,0.0,0.483,0.0,0.0,0.0,0.0,9.96,2.71,0.0,0.0,0.6501,0.6136,0.0,0.0,0.0862,0.0,0.0,0.0,0.1538,0.0,0.0,0.0,0.0,0.0,0.0,0.029,0.0019,0.0558,0.5317,0.58
660,661,0.0,0.0,0.0,0.0,0.0,0.0,0.0,0.0,0.0045,0.0,0.0,0.0,0.0,0.0,0.0,0.0,0.002,0.0,0.0,0.0,0.0,0.0,0.0,0.0,0.0,0.0,0.0,0.0,0.0,0.0
662,663,0.0,0.0,0.0437,0.0,0.0,0.0,0.0,0.0,0.0,0.0,0.0,0.0,0.0,0.0021,0.0,0.0,0.0,0.0024,0.0,0.0,0.0,0.0,0.0,0.0,0.0,0.0,0.0,0.0,0.0,0.0
663,664,0.0,0.5635,0.0,0.0,0.0008,0.0,47.3966,13.49,0.0,0.0,20.8559,6.7401,0.0,0.0,0.0,0.0,0.0,0.0,0.0,0.0,0.0,0.0,0.0,0.0,0.0,0.0,0.0,0.1673,0.1387,0.0959
667,668,0.0,0.0057,0.0,0.0,0.0,0.0,0.0,0.0,0.0,0.0,0.0,0.018,0.0,0.0,0.0,0.0,0.0,0.0,0.0,0.0,0.0,0.0,0.0,0.0,0.0,0.0,0.0,0.0,0.0,0.0
668,669,0.0,0.0,0.0,0.0,0.0,0.0,0.0049,0.0,0.0,0.0,0.0,0.0,0.0,0.0,0.0043,0.0,0.0,0.0,0.0,0.0,0.0,0.0,0.0,0.0,0.0,0.0,0.0,0.0,0.0,0.0
669,670,0.0,0.0029,0.175,0.0,1.728,0.0,0.0049,0.0,0.0,0.0,0.0,0.0,0.0,0.0,0.0,0.0,0.0,0.0,0.0,0.0,0.0,0.0,0.0,0.0,0.0,0.0,0.0,0.0,0.0,0.0044
670,671,2.373,0.0604,6.8018,71.4236,0.0486,0.79,0.0194,0.0,3.053,0.4294,0.0271,0.0331,3.3206,0.1478,0.0819,0.0018,1.5194,0.1779,0.0075,0.6501,2.4931,0.0,0.0,0.1826,0.0,0.0,0.0,0.1488,0.0693,0.0218
673,674,0.021,0.1121,0.0073,25.4909,0.096,0.94,0.3516,3.6,0.0359,17.1367,0.2709,0.5354,0.0544,0.0107,0.0948,0.0036,0.1173,0.0073,0.03,0.1445,0.0394,0.0,0.4965,0.0281,0.0013,8.4082,0.6908,0.4649,0.208,0.1177
675,676,0.021,1.7911,0.0024,0.0,23.5025,0.0,0.6233,0.0,0.0762,0.0007,0.0813,0.0361,0.0544,0.0,0.1035,0.0,0.0259,0.0,0.0525,0.0,0.0,0.0,0.0,0.0,0.0,0.0,0.0,17.9435,1.8955,1.3301
676,677,0.0,0.0374,0.0,0.0,0.0004,0.0,0.0049,0.0,0.0,0.0,0.0,0.0,0.0,0.0,0.0043,0.0,0.0,0.0,0.0,0.0,0.0,0.0,0.0,0.0,0.0,0.0,0.0,0.1488,0.0231,0.0262
677,678,0.021,0.0632,0.0194,0.0,0.0,0.57,0.0024,0.0,0.009,0.0,0.0,0.0211,0.0,0.0,0.0043,0.0,0.0,0.0,0.0038,0.0,0.0,0.0,0.0,0.0,0.0,0.0,0.0,0.0372,0.1387,0.0785
682,683,0.0,0.1265,1.1276,0.0324,0.0,0.0,0.7736,0.0,0.0045,0.0029,1.4897,0.7158,0.0,0.0021,0.0776,4.1559,0.008,0.0472,0.0263,0.0867,0.0099,0.2758,1.2799,0.0,0.5242,0.0,0.0038,0.0186,0.0462,0.0044
684,685,0.0,0.0431,0.0,0.0,0.0,0.0,0.3177,0.0,0.0224,0.0,0.0542,0.0,0.0,0.0,0.0043,0.0018,0.0159,0.0,0.0038,0.1878,0.0,0.0,0.0441,0.0,0.0,0.0,0.0534,0.0,0.0,0.0349
685,686,0.0,0.0029,0.0,0.0,0.0,0.0,0.0,0.0,0.0,0.0,0.0271,0.015,0.0,0.0,0.0,0.0,0.0,0.0,0.0,0.0,0.0,0.0,0.0,0.0,0.0,0.0,0.0,0.0,0.0,0.0044
686,687,5.6909,0.0086,7.8224,0.0,0.0,0.0,0.0412,0.0,0.7621,0.0,0.1083,0.1023,0.9799,0.0664,0.0517,0.2219,4.8805,0.0932,0.0075,0.0,0.0493,0.0876,1.1144,0.0421,0.9379,0.0,0.0019,0.0186,0.0,0.0044
687,688,0.0,0.0,0.0024,0.0,0.0004,0.0,0.0,0.0,0.0,0.0,0.2167,0.1624,0.0,0.0,0.0,0.0,0.0,0.0,0.0,0.0,0.0,0.0,0.0,0.0,0.0,0.0,0.0,0.0,0.0,0.0
690,691,0.0,0.0172,0.0,0.0,0.0,0.0,0.0,0.0,0.0,0.0034,0.0813,0.0391,0.0,0.0,0.0,0.0,0.0,0.0,0.0,0.0,0.0,0.0049,0.0,0.0,0.0108,0.0,0.0,0.0372,0.0,0.0436
693,694,0.0,0.0,0.0,0.0,0.0,0.0,0.0,0.0,0.0,0.001,0.0,0.0,0.0,0.0,0.0,0.0,0.0,0.0,0.0,0.0,0.0,0.0,0.0,0.0,0.0,0.0,0.0,0.0,0.0,0.0
694,695,0.147,0.0086,0.1847,0.0,0.0004,0.0,0.0,0.0,0.1614,0.0002,0.1354,1.2361,2.123,0.0,0.0043,0.0,0.0358,0.0,0.1013,0.0,0.0,0.0,0.0,0.0,0.0,0.0,0.0,0.0,0.0,0.0131
698,699,0.0,0.0,0.0,0.0,0.0,0.0,0.0,0.0,0.0,0.0,0.0,0.0,0.0,0.7239,0.0,0.0,0.0,0.7333,0.0,0.0,0.3547,0.0,0.0,0.8991,0.0,0.0,0.0,0.0,0.0,0.0
702,703,0.021,0.0,0.0,0.0,0.0,0.0,0.0,1.92,0.0179,0.0,0.0,0.003,0.4355,0.0,0.0,0.0,0.004,0.0,0.0,0.0,0.0,0.0,0.0,0.0,0.0,0.0,0.0,0.0,0.0,0.0
704,705,0.336,0.0115,4.7484,0.0,0.0,0.0,0.0,0.0,0.4573,0.0,0.0271,0.0211,1.6331,0.0,0.0086,0.0,0.181,0.0,0.0,0.0,0.0,0.0,0.0,0.0,0.0,0.0,0.0,0.0186,0.0,0.0087
705,706,0.0,0.0402,0.0,0.0,0.0,0.0,0.0,0.0,0.0,0.0,0.0,0.003,0.0,0.0,0.0,0.0,0.0,0.0,0.0,0.0,0.0,0.0,0.0,0.0,0.0,0.0,0.0,0.0,0.0693,0.0305
706,707,0.0,0.0029,0.0,0.0,0.0,0.0,0.0,0.0,0.0,0.0,0.0,0.0,0.0,0.0,0.0,0.0,0.0,0.0,0.0,0.0,0.0,0.0,0.0,0.0,0.0,0.0,0.0,0.0,0.0,0.0
708,709,0.0,0.0,0.0122,0.0,0.0,0.0,0.0,0.0,0.0,0.0,0.0,0.0,0.0,0.0,0.0,0.0,0.0,0.0,0.0,0.0,0.0,0.0,0.0,0.0,0.0,0.0,0.0,0.0,0.0,0.0
711,712,0.0,1.1385,0.0122,0.0,0.0,0.0,0.0,0.0,0.0,0.0,0.0,0.0,0.0544,0.0,0.0,0.0,0.004,0.0,0.0,0.0,0.0,0.0,0.0,0.0,0.0,0.0,0.0,0.781,1.3638,1.6267
713,714,0.0,0.0,0.0,0.0,0.0,0.0,0.0,0.0,0.0,0.0,0.0542,0.0541,0.0,0.0,0.0,0.0,0.0,0.0,0.0,0.0,0.0,0.0,0.0,0.0,0.0,0.0,0.0,0.0,0.0,0.0
714,715,0.0,0.0115,0.0,0.0,0.0036,0.0,0.0024,0.0,0.0045,0.0,0.0,0.0,0.0,0.0,7.5189,0.0,0.0119,0.0,0.0038,0.0,0.0,0.0,0.0,0.0,0.0027,0.0,0.0,0.0186,0.0231,0.0262
715,716,0.0,0.0086,0.0,0.0,0.0,0.0,0.0,0.0,0.0,0.0,0.0,0.0,0.0,0.0,0.0,0.0,0.0,0.0,0.0,0.0,0.0,0.0,0.0,0.0,0.0,0.0,0.0,0.0186,0.0231,0.0
716,717,0.0,0.0,0.0437,0.0,0.0,0.0,0.0,1.19,0.0134,0.0,0.0,0.0,0.0544,0.0,0.0,0.0,0.0,0.0,0.0,0.0,0.0,0.0,0.0,0.0,0.0,0.0,0.0,0.0,0.0,0.0044
718,719,0.0,0.0,0.0,0.0,0.0,0.0,0.0,5.01,0.0,0.0,0.0,0.003,0.0,0.0,0.0,0.0,0.0,0.0,0.0,0.0,0.0,0.0,0.0,0.0,0.0,0.0,0.0,0.0,0.0,0.0
719,720,0.021,0.0,0.0,0.0,0.0,0.0,0.0,0.0,0.0,0.0,0.0,0.0,0.0544,0.0,0.0,0.0,0.0,0.0,0.0,0.0,0.0,0.0,0.0,0.0,0.0,0.0,0.0,0.0,0.0,0.0
720,721,0.0,0.0029,0.0,0.0,0.0,0.0,0.3274,0.0,0.0,0.0,0.7584,0.4391,0.0,0.0,0.0,0.0,0.0,0.0,0.0,0.0,0.0,0.0,0.0,0.0,0.0,0.0,0.0,0.0,0.0,0.0174
723,724,0.0,0.0057,0.0,0.0,0.0,0.0,0.0,0.0,0.0,0.0,0.0,0.0,0.0,0.0,0.0,0.0,0.0,0.0,0.0,0.0,0.0,0.0,0.0,0.0,0.0,0.0,0.0,0.0,0.0,0.0131
724,725,0.042,0.0029,0.0,0.0,0.0,0.0,0.468,0.0,0.0045,0.0,0.0,0.0,0.3266,0.0,0.0,0.0,0.0,0.0,0.0,0.0,0.0,0.0,0.0,0.0,0.0,0.0,0.0,0.0,0.0462,0.0
726,727,0.042,0.0144,0.0122,0.0,0.0,0.46,0.0,0.0,0.0179,0.0,0.0813,0.1444,0.0,0.0043,0.0,0.0,0.0418,0.0218,0.0,0.0,0.0,0.0,0.0,0.0,0.0,0.0,0.0,0.0,0.0,0.0174
727,728,0.0,0.0,0.0,0.0,0.0,0.0,0.0,0.0,0.0,0.0002,0.0,0.0,0.0,0.0,0.0,0.0,0.0,0.0,0.0,0.0,0.0,0.0,0.0,0.0,0.0,0.0,0.0,0.0,0.0,0.0
728,729,0.021,0.0,0.0705,0.0,0.0,0.0,0.0,0.0,0.0807,0.0,0.0,0.0,0.0544,0.0,0.0,0.0,0.0378,0.0,0.0,0.0,0.0,0.0,0.0,0.0,0.0,0.0,0.0,0.0,0.0,0.0
730,731,0.903,0.0,1.4678,0.0,0.0,0.0,0.0,0.0,6.5588,0.0,0.0,0.0,1.0887,0.0021,0.0,0.0,1.241,0.0,0.0,0.0,0.0,0.0,0.0,0.0,0.0,0.0,0.0,0.0,0.0,0.0
731,732,0.0,0.0,0.0,0.0,0.0,0.0,0.0364,0.0,0.0,0.0,0.0542,0.0331,0.0,0.0,0.0172,0.0,0.0,0.0,0.0,0.0,0.0,0.0,0.0,0.0,0.0,0.0,0.0,0.0,0.0,0.0
732,733,0.0,0.0,0.0243,0.0,0.0904,0.0,0.0,0.0,0.0,0.0,0.0,0.0,0.0,0.0,0.0,0.0,0.0,0.0,0.0,0.0,0.0,0.0,0.0,0.0,0.0,0.0,0.0,0.0,0.0,0.0
735,736,0.0,0.0,0.0,0.0,0.0,2.08,0.0024,0.0,0.0,0.0,0.0,0.0,0.0,0.0,0.0,0.0,0.0,0.0,0.0,0.0,0.0,0.0,0.0,0.0,0.0,0.0,0.0,0.0,0.0,0.0
736,737,0.0,0.0029,0.0,0.0,0.0,0.0,0.0,0.0,0.0,0.0,0.0,0.0,0.0,0.0,0.0,0.0,0.0,0.0,0.0,0.0,0.0,0.0,0.0,0.0,0.0,0.0,0.0,0.0,0.0,0.0
738,739,0.0,0.0,0.0,0.0,0.8871,0.0,0.0,0.0,0.0,0.0,0.0,0.0,0.0,0.0,0.0,0.0,0.0,0.0,0.0,0.0,0.0,0.0,0.0,0.0,0.0,0.0,0.0,0.0,0.0,0.0
739,740,0.0,0.0,0.0,0.0,0.0004,0.0,0.0,0.0,0.0,0.0002,0.0,0.0,0.0,0.0,0.0,0.0,0.0,0.0,0.0,0.0,0.0,0.0,0.0,0.0,0.0,0.0,0.0,0.0,0.0,0.0
740,741,0.0,0.0,0.0,0.0,0.0028,0.0,0.0,0.0,0.0,0.0,0.0,0.0,0.0,0.0,0.0,0.0,0.0,0.0,0.0,0.0,0.0,0.0,0.0,0.0,0.0,0.0,0.0,0.0,0.0,0.0
741,742,0.0,0.0,0.0,1.573,0.0044,0.0,0.0,0.0,0.0,0.0,0.0,0.0,0.0,0.0,0.0,0.0,0.0,0.0,0.0,0.0,0.0,0.0,0.0,0.0,0.0,0.0,0.0,0.0,0.0,0.0
745,746,0.0,0.0,0.0,0.0022,0.0,0.0,0.0,0.0,0.0,0.0,0.0,0.0,0.0,0.0,0.0,0.0,0.0,0.0,0.0,0.0,0.0,0.0,0.0,0.0,0.0,0.0,0.0,0.0,0.0,0.0
746,747,0.0,0.0,0.0,0.0,0.0,0.0,0.0,0.0,0.0,0.001,0.0,0.0,0.0,0.0,0.0,0.0,0.0,0.0,0.0,0.0,0.0,0.0,0.0,0.0,0.0,0.0,0.0,0.0,0.0,0.0
750,751,0.0,0.0,0.0,0.0,0.0004,0.0,0.0,0.0,0.0,0.0,0.0,0.0,0.0,0.0,0.0,0.0,0.0,0.0,0.0,0.0,0.0,0.0,0.0,0.0,0.0,0.0,0.0,0.0,0.0,0.0
751,752,0.0,0.0,0.0,0.0,0.0028,0.0,0.0,0.0,0.0,0.0014,0.0,0.0,0.0,0.0,0.0,0.0,0.0,0.0,0.0,0.0,0.0,0.0,0.0,0.0,0.0,0.0,0.0,0.0,0.0,0.0
760,761,0.0,0.0,0.0,0.0,0.0008,0.0,0.0,0.0,0.0,0.0002,0.0,0.0,0.0,0.0,0.0,0.0,0.0,0.0,0.0,0.0,0.0,0.0,0.0,0.0,0.0,0.0,0.0,0.0,0.0,0.0
765,766,0.0,0.0,0.0,0.0,0.0012,0.0,0.0,0.0,0.0,0.0005,0.0,0.0,0.0,0.0,0.0,0.0,0.0,0.0,0.0,0.0,0.0,0.0,0.0,0.0,0.0,0.0,0.0,0.0,0.0,0.0
766,767,0.0,0.0,0.0,0.0,0.0004,0.0,0.0,0.0,0.0,0.0002,0.0,0.0,0.0,0.0,0.0,0.0,0.0,0.0,0.0,0.0,0.0,0.0,0.0,0.0,0.0,0.0,0.0,0.0,0.0,0.0
767,768,0.0,0.0,0.0,0.0,0.0,0.0,0.0,0.0,0.0,0.0005,0.0,0.0,0.0,0.0,0.0,0.0,0.0,0.0,0.0,0.0,0.0,0.0,0.0,0.0,0.0,0.0,0.0,0.0,0.0,0.0
769,770,0.0,0.0,0.0,0.0,0.0008,0.0,0.0,0.0,0.0,0.0,0.0,0.0,0.0,0.0,0.0,0.0,0.0,0.0,0.0,0.0,0.0,0.0,0.0,0.0,0.0,0.0,0.0,0.0,0.0,0.0
770,771,0.0,0.0,0.0,0.0,0.0008,0.0,0.0,0.0,0.0,0.0,0.0,0.0,0.0,0.0,0.0,0.0,0.0,0.0,0.0,0.0,0.0,0.0,0.0,0.0,0.0,0.0,0.0,0.0,0.0,0.0
784,785,0.0,0.0,0.0,0.0,0.0032,0.0,0.0,0.0,0.0,0.0,0.0,0.0,0.0,0.0,0.0,0.0,0.0,0.0,0.0,0.0,0.0,0.0,0.0,0.0,0.0,0.0,0.0,0.0,0.0,0.0
786,787,0.0,0.0,0.0,0.0,0.0111,0.0,0.0,0.0,0.0,0.0,0.0,0.0,0.0,0.0,0.0,0.0,0.0,0.0,0.0,0.0,0.0,0.0,0.0,0.0,0.0,0.0,0.0,0.0,0.0,0.0
788,789,0.0,0.0,0.0,0.0,0.0068,0.0,0.0,0.0,0.0,0.0,0.0,0.0,0.0,0.0,0.0,0.0,0.0,0.0,0.0,0.0,0.0,0.0,0.0,0.0,0.0,0.0,0.0,0.0,0.0,0.0
793,794,0.0,0.0,0.0,0.0,0.0,0.0,0.0,0.0,0.0,0.1785,0.0,0.0,0.0,0.0,0.0,0.0,0.0,0.0,0.0,0.0,0.0,0.0,0.0,0.0,0.0,0.0,0.0,0.0,0.0,0.0
799,800,0.0,0.0,0.0,0.0022,0.0008,0.0,0.0,0.0,0.0,0.0,0.0,0.0,0.0,0.0,0.0,0.0,0.0,0.0,0.0,0.0,0.0,0.0,0.0,0.0,0.0,0.0,0.0,0.0,0.0,0.0
800,801,0.0,0.0,0.0,0.0,0.0004,0.0,0.0,0.0,0.0,0.0,0.0,0.0,0.0,0.0,0.0,0.0,0.0,0.0,0.0,0.0,0.0,0.0,0.0,0.0,0.0,0.0,0.0,0.0,0.0,0.0
803,804,0.0,0.0,0.0,0.0,0.0008,0.0,0.0,0.0,0.0,0.0,0.0,0.0,0.0,0.0,0.0,0.0,0.0,0.0,0.0,0.0,0.0,0.0,0.0,0.0,0.0,0.0,0.0,0.0,0.0,0.0
808,809,0.0,0.0,0.0,0.0,0.0183,0.0,0.0,0.0,0.0,0.0,0.0,0.0,0.0,0.0,0.0,0.0,0.0,0.0,0.0,0.0,0.0,0.0,0.0,0.0,0.0,0.0,0.0,0.0,0.0,0.0
811,812,0.0,0.0,0.0,0.0,0.0008,0.0,0.0,0.0,0.0,0.0,0.0,0.0,0.0,0.0,0.0,0.0,0.0,0.0,0.0,0.0,0.0,0.0,0.0,0.0,0.0,0.0,0.0,0.0,0.0,0.0
815,816,0.0,0.0,0.0,0.0,0.0,0.0,0.0,0.0,0.0,0.0118,0.0,0.0,0.0,0.0,0.0,0.0,0.0,0.0,0.0,0.0,0.0,0.0,0.0,0.0,0.0,0.0,0.0,0.0,0.0,0.0
816,817,0.0,0.0,0.0,0.0,0.0,0.0,0.0,0.0,0.0,0.0005,0.0,0.0,0.0,0.0,0.0,0.0,0.0,0.0,0.0,0.0,0.0,0.0,0.0,0.0,0.0,0.0,0.0,0.0,0.0,0.0
818,819,0.0,0.0,0.0,0.0,0.0,0.0,0.0,0.0,0.0,0.0002,0.0,0.0,0.0,0.0,0.0,0.0,0.0,0.0,0.0,0.0,0.0,0.0,0.0,0.0,0.0,0.0,0.0,0.0,0.0,0.0
821,822,0.0,0.0,0.0,0.0108,0.0,0.0,0.0,0.0,0.0,0.0,0.0,0.0,0.0,0.0,0.0,0.0,0.0,0.0,0.0,0.0,0.0,0.0,0.0,0.0,0.0,0.0,0.0,0.0,0.0,0.0
844,845,0.0,0.0,0.0,0.0065,0.0,0.0,0.0,0.0,0.0,0.0,0.0,0.0,0.0,0.0,0.0,0.0,0.0,0.0,0.0,0.0,0.0,0.0,0.0,0.0,0.0,0.0,0.0,0.0,0.0,0.0
852,853,0.0,0.0201,0.0,0.0,0.0,0.0,0.0,0.0,0.0,0.0,0.0271,0.018,0.0,0.0,0.3018,0.0,0.0,0.0,0.3826,0.6934,0.0,0.1541,1.1144,0.0,2.0281,55.3494,0.0,0.0,0.0,0.0131
853,854,0.0,0.0029,0.0,0.0,0.0,0.0,0.0049,0.0,0.0,0.0,0.0542,0.003,0.0,0.0,0.0,0.0,0.0,0.0,0.0,0.0,0.0,0.0,0.0,0.0,0.0,0.0,0.0,0.0186,0.0,0.0044
854,855,0.0,0.0029,0.0,0.0,0.0,0.0,0.0,0.0,0.0,0.0,0.0,0.2196,0.0,0.0,0.0,0.0,0.0,0.0,0.0,0.0,0.0,0.0,0.0,0.0,0.0,0.0,0.0,0.0,0.0,0.0
857,858,0.0,0.0,0.0,0.0,0.0,0.0,0.0,0.0,0.0,0.0,0.1083,0.0662,0.0,0.0,0.0,0.0,0.0,0.0,0.0,0.0,0.0,0.0,0.0,0.0,0.0,0.0,0.0,0.0,0.0,0.0
858,859,0.0,0.2214,0.0,0.0,0.0,0.0,0.1261,0.0,0.0,0.0,0.0,0.0,0.0,0.0,0.0,0.0,0.0,0.0,0.0,0.0,0.0,0.0,0.0,0.0,0.0,0.0,0.0,0.1859,2.7277,1.522
861,862,0.0,0.4054,0.0,0.0,0.0,0.0,0.0752,0.0,0.0,0.0,0.325,0.3008,0.0,0.0,0.0,0.0,0.0,0.0,0.0,0.0,0.0,0.0,0.0,0.0,0.0,0.0,0.0,0.5206,0.5086,0.3445
862,863,0.0,0.3076,0.0,0.0,0.0,0.0,3.0508,0.98,0.0,0.0,0.948,0.4151,0.0,0.0107,0.0431,0.0109,0.0,0.0182,0.0263,0.0,0.0985,0.0,0.0,0.0281,0.0,0.0,2.6374,0.1488,0.6935,0.9507
863,864,0.021,0.0029,0.1069,0.0,0.0,0.0,0.3153,0.0,0.0672,0.0024,0.5688,0.1293,0.0544,0.0086,0.0,0.0,0.3341,0.0048,0.0,0.0,0.0099,0.0,0.0331,0.0,0.0,0.0,0.0,0.0,0.0462,0.0044
864,865,0.0,0.0086,0.0,0.0,0.0,0.0,0.034,0.0,0.0,0.0,0.0,0.0,0.0,0.0,0.0,0.0,0.0,0.0,0.0,0.0,0.0,0.0,0.0,0.0,0.0,0.0,0.0,0.0,0.0231,0.0218
865,866,0.0,0.0,0.0,0.0,0.0,0.0,0.0,0.0,0.0179,0.0,0.0,0.0,0.0544,0.0,0.0043,0.0,0.1352,0.0,0.0,0.0,0.0,0.0,0.0,0.0,0.0,0.0,0.0,0.0,0.0,0.0
866,867,0.966,0.0,5.7811,0.0,0.0,0.0,0.0,0.0,2.2595,0.0,0.0,0.0,0.7621,0.0,0.0,0.0,0.533,0.0012,0.0,0.0,0.0,0.0,0.0,0.0,0.0,0.0,0.0,0.0,0.0,0.0
868,869,0.0,0.0,0.0,0.0,0.0,0.0,0.0,0.0,0.0359,0.0,0.0,0.0,0.0544,0.0064,0.0,0.0,0.004,0.0436,0.0,0.0,0.0394,0.0,0.0,0.0,0.0,0.0,0.0,0.0,0.0,0.0
869,870,0.0,0.1322,0.0,0.0,0.0,0.0,0.0024,0.0,0.0,0.0,0.0271,0.0481,0.0,0.0,0.0043,0.0,0.0,0.0,0.0,0.0,0.0,0.0,0.0,0.0,0.0,0.0,0.0,1.2272,0.208,0.1221
870,871,0.168,0.2932,0.0,0.0,0.0,0.0,0.0,0.0,0.0403,0.0,0.0,0.0,0.0,0.0171,0.0,0.0,0.0259,0.0012,0.0,0.0,0.0,0.0,0.0,0.0,0.0,0.0,0.0,0.2789,0.4161,0.3576
872,873,0.0,0.0517,0.0,0.0,0.0,0.0,0.0024,0.0,0.0,0.0,0.0271,0.0211,0.0,0.0,0.0,0.0,0.0,0.0,0.0,0.0,0.0,0.0,0.0,0.0,0.0,0.0,0.0,0.0,0.0,0.0174
874,875,0.0,0.0144,0.0,0.0,0.0,0.0,0.0,0.0,0.0,0.0,0.0,0.0,0.0,0.0,0.0,0.0,0.0,0.0,0.0,0.0,0.0,0.0,0.0,0.0,0.0,0.0,0.0,0.0,0.0,0.0
875,876,0.0,0.0086,0.0,0.0,0.0,0.0,0.017,0.0,0.0,0.0,0.0271,0.0,0.0,0.0,0.0,0.0,0.0,0.0,0.0,0.0,0.0,0.0,0.0,0.0,0.0,0.0,0.0,0.0186,0.0462,0.0087
880,881,0.0,0.0862,0.0,0.0,0.0,0.0,0.0073,0.0,0.0269,0.0,0.0,0.006,0.0,0.0,0.0,0.0,0.002,0.0,0.0,0.0,0.0,0.0,0.0,0.0,0.0,0.0,0.0,0.0186,0.1387,0.1134
881,882,0.0,0.0,0.0,0.0022,0.0,0.0,0.0121,0.0,0.0,0.0,0.0,0.006,0.0,0.0,0.0,0.0,0.0,0.0,0.0,0.0,0.0,0.0,0.0,0.0,0.0,0.0,0.0,0.093,0.0,0.0044
