#OTU_ID	site_1	site_2	site_3	site_4	site_5	site_6	site_7	site_8	site_9	site_10	site_11	site_12	site_13	site_14	site_15	site_16	site_17	site_18	site_19	site_20	site_21	site_22	site_23	site_24	site_25	site_26	site_27	site_28	site_29	site_30	site_31	site_32	site_33	site_34	site_35	site_36	site_37	site_38	site_39	site_40	site_41	site_42	site_43	site_44	site_45	site_46	site_47	site_48	site_49	site_50	site_51	site_52	site_53	site_54	site_55	site_56	site_57	site_58	site_59	site_60	site_61	site_62	site_63	site_64	site_65	site_66	site_67	site_68	site_69	site_70
690515	26.92804825506247	1.859229747675963	3.093542843113184	2.573991229036737	2.709368672924719	0.0	2.14623499454347	0.54	3.903179707038228	0.0	0.1023279611153748	3.245378498399257	0.5160778086542279	0.1007895178901394	0.07216395650918889	0.9942834807250697	0.3176283748014823	2.252422297722411	0.0	32.25946258306848	36.44453233142179	0.1172691582113904	0.08991276032174188	1.037941994437823	5.197792088316467	0.04882425905887942	0.004867285352715945	0.4851899675235747	2.034158510842449	4.393436743477092	0.0	0.009877518767285657	0.02708559046587215	0.0	0.07236413633403285	0.1353424163132726	0.03098701807032422	7.04647676161919	49.59523723091444	0.0	47.38717785197134	7.685846283074338	2.995664170279858	60.3	0.01482339940975919	0.5733994395343823	21.54846664810469	2.922169148637257	4.74	0.0	0.02364410170601288	0.003981589131854306	0.0	2.320610687022901	8.222547890714958	12.5592695967986	6.430223592906708	0.6532180595581172	0.5920891286830396	1.562333179116695	0.3532911863146151	0.5713039686000873	0.624133148404993	0.26	4.518236254763201	0.4	0.004885675200312683	0.0	1.47	1.72
519902	0.0	0.0	0.0	0.0	0.0	0.0	0.0	0.0	0.0	0.0	0.0	0.02581844469689146	0.03969829297340214	0.520745842432387	0.0577311652073511	0.06595983778765818	0.0	0.0	0.0	0.0	0.0	0.03314128384234946	0.06561201428883867	0.004966229638458482	0.0	0.0	0.0	0.0	0.268662444828248	0.008966197435667534	0.0	0.0	0.0	0.0	0.0	0.0	0.0	0.0	0.0	0.0	0.0	0.0	0.0	0.0	0.0	0.0	0.01193269957440038	0.0	0.0	0.0	0.003637554108617366	0.0	0.0	0.0	0.0	0.0	0.01542020046260601	0.0	0.0	0.005338268265774583	0.0	0.0	0.0	0.0	0.05443658138268917	0.0	0.0	0.02117186259461176	0.0	0.0
1134896	0.0	0.0	0.0	0.0	0.0	0.0	0.0	0.0	0.0	0.0	0.0	0.03872766704533719	0.0	0.0	0.0	0.0	0.0	0.0	0.0	0.0	0.0	0.0	0.0	0.0	0.0	0.0	0.0	0.0	0.09595087315294569	0.05828028333183897	0.0	0.0	0.0	0.0	0.0	0.0	0.0	0.00642535874919683	0.1113248871625464	0.0	0.0	0.04199916001679967	0.01970831690973591	0.0	0.0	0.0	0.4733304164512151	0.01404889013767912	0.0	0.0	0.001818777054308683	0.0	0.0	0.0	0.0	0.1446010021185728	0.01542020046260601	0.0	0.0	0.02135307306309833	0.0	0.0	0.0	0.0	0.2177463255307567	0.0	0.0	0.0	0.0	0.0
336037	0.0	0.0	0.0	0.0	0.0	0.0	0.0	0.0	0.0	0.0	0.2814018930672806	0.0	0.01984914648670107	0.01679825298168991	0.01443279130183778	0.007328870865295353	0.0	0.0	0.0	0.0	0.0	0.01529597715800744	0.02673082063619353	0.0	0.0	0.0	0.0	0.0	0.0	0.0	0.0	0.0	0.0	0.0	0.0	0.0	0.0	0.0	0.0	0.0	0.0	0.0	0.0	0.0	0.0	0.0	0.0	0.0	0.0	0.0	0.0	0.0	0.0	0.0	0.0	0.0	0.0	0.0	0.0	0.0	0.0	0.0	0.0	0.0	0.0	0.0	0.0	0.0	0.0	0.0
1124194	0.0	0.0	0.0	0.0	0.0	0.0	0.0	0.0	0.0	0.0	0.920951650038373	0.3020758029536301	0.6947201270345376	13.50579539727868	3.651496199364957	0.9429813846680022	1.058761249338274	0.0	0.0	0.0	0.0	1.371539285168001	3.251439819202449	0.009932459276916964	0.0	0.0	0.0	0.0	0.1151410477835348	0.192773244866852	0.0	0.0	0.0	0.0	0.0	0.0	0.0	0.5632897836795887	0.07744339976524969	0.0	0.0	4.262914741705166	0.04927079227433977	4.41	0.0	0.0	0.09745037985760312	0.1264400112391121	5.7	0.0	0.0	0.0	0.0	0.0	0.0	0.0	0.06168080185042405	0.0	0.0	0.1334567066443646	0.0	0.0	0.0	0.0	0.5443658138268916	0.0	0.0	0.0	0.0	0.0
1042616	0.0	0.0	0.0	0.0	0.00184060371801951	0.0	0.0	0.0	0.0	0.0	11.97237145049885	0.1394196013632139	0.8535132989281461	4.905089870653452	2.732608486481285	0.9258806859823131	0.9528851244044468	0.0	0.002897899747158247	0.0	0.0	0.8999133227961047	2.605039974727224	0.124155740961462	0.002874885004599816	0.0	0.0	0.0	0.5757052389176741	0.1748408499955169	0.0	0.0691426313709996	0.0	0.55	0.0	0.0	0.0	0.04926108374384236	0.1899783400491282	0.0	0.0	1.007979840403192	0.1675206937327552	0.0	0.0	0.0	1.25293345531204	0.01404889013767912	0.0	0.0	0.0	0.0	0.0	0.005725190839694656	0.003489305279318887	0.01849547701516629	0.2158828064764842	0.0	0.04204183162246435	0.5195914445353927	0.0	0.00436109899694723	0.0	0.0	0.2721829069134458	0.0	0.0	0.0	0.0	0.0
543824	0.0	0.0	0.0	0.0	0.0	0.0	0.0	0.0	0.002977253781112302	0.0	0.0255819902788437	0.002581844469689146	0.03969829297340214	0.3023685536704183	0.0192437217357837	0.004885913910196903	0.1058761249338274	0.0	0.0	0.0	0.0	0.02039463621067659	0.1239338047678064	0.0	0.0	0.0	0.0	0.003912822318738506	0.0	0.0	0.0	0.0	0.0	0.0	0.0	0.0	0.0	0.0	0.0	0.0	0.0	0.02099958000839983	0.0	0.0	0.0	0.0	0.001988783262400064	0.0	0.0	0.0	0.0	0.0	0.0	0.0	0.0	0.0	0.0	0.0	0.0	0.001779422755258194	0.0	0.00436109899694723	0.0	0.0	0.0	0.0	0.0	0.0	0.0	0.0
4405849	0.0215424386040499	0.0	0.0	0.002203759613901316	0.003681207436039021	0.0	0.01455074572571844	0.0	0.0	0.0	0.0	0.0	0.0	0.0	0.0	0.0	0.0	0.01258336479174531	0.0	0.0	0.0	0.0	0.0	0.009932459276916964	0.0718721251149954	0.0	0.0	1.737293109519897	0.0	0.0	0.0	0.0	0.0	0.0	0.0	0.03007609251406057	0.001630895687911801	0.0	0.0	0.0	0.0	0.0	0.0	0.0	0.0	0.0	0.0	0.0	0.0	0.0	0.0	0.0	0.0	0.0	0.0	0.0	0.0	0.03842459173871278	0.1086080650246996	0.0	0.0	0.04797208896641954	0.02311604253351826	0.0	0.0	0.0	0.0	0.0	0.0	2.3
716727	0.0	0.0	0.02455192732629511	0.0	0.0	0.0	0.00242512428761974	0.0	0.02084077646778611	0.0	0.05116398055768739	0.01807291128782402	0.01984914648670107	0.0	0.3127104782064851	0.02198661259588606	0.0	0.01258336479174531	0.0002414916455965206	0.0	0.0	0.0101973181053383	0.002430074603290321	0.0	0.0	0.0	5.105782334999027	0.0	0.01919017463058914	0.0134492961535013	0.0	0.0	0.0	0.0	0.7453506042405385	0.0	0.0	0.0	0.003630159363996079	5.506709039548022	0.03376223881156919	0.02099958000839983	0.009854158454867954	0.0	46.86619860660046	0.01724509592584609	0.07955133049600255	0.0	0.0	0.0	0.0	0.0	0.0	0.0	0.0	22.05837845108787	0.0	0.0	0.0	0.003558845510516389	0.0	0.0	0.0	0.0	0.0	0.0	0.9429353136603478	28.88900651034775	0.0	0.0
838066	0.0	0.0	0.0	0.004407519227802631	0.007362414872078041	0.0	0.0	0.72	0.05061331427890913	2.48	0.2046559222307496	0.07487348962098524	3.156014291385471	0.167982529816899	0.3127104782064851	3.466555919284702	0.2646903123345686	0.0	0.0	0.0	0.0102827763496144	0.4333860194768776	0.3596510412869675	0.0	0.02587396504139834	0.0	0.0	0.03521540086864655	0.268662444828248	0.1703577512776831	0.0	0.03951007506914263	0.02708559046587215	0.0	0.0	0.05112935727390297	0.02772522669450062	0.01285071749839366	0.1064846746772183	0.0	0.0	0.1679966400671987	0.009854158454867954	0.0	0.0	0.0	0.09745037985760312	0.01404889013767912	0.0	0.0	0.0	0.0	0.0	0.0	0.0	0.0	0.3392444101773323	0.0	0.03503485968538696	1.434214740738105	0.502045370026032	0.02180549498473616	0.0	0.0	0.0	0.0	0.0	0.06880855343248822	0.0	0.0
2651333	0.0	0.0	0.0	0.0	0.00184060371801951	0.0	0.0	0.0	0.005954507562224604	0.0	0.0	0.02323660022720231	0.6550218340611353	0.03359650596337981	0.04810930433945925	0.01710069868568916	0.0	0.0	0.0	0.0	0.002372948388372553	0.02804262478968031	0.0461714174625161	0.0	0.005749770009199632	0.0	0.0	0.01173846695621552	0.0	0.01793239487133507	0.0	0.09877518767285659	0.1625135427952329	0.0	0.01447282726680657	0.1323348070618665	0.08154478439559006	0.0	0.0	0.0	0.0	0.0	0.0	0.0	0.0	0.0	0.005966349787200191	0.0	0.0	0.0	0.0	0.0	0.0	0.0	0.0	0.0	0.07710100231303006	0.0	0.007006971937077392	0.003558845510516389	0.07437709185570844	0.00872219799389446	0.0	0.0	0.05443658138268917	0.0	0.05374242720343951	0.6298629121896998	0.0	0.0
1125570	0.0	0.0	0.0	0.0	0.0	0.0	0.0	0.0	0.0	0.0	5.88385776413405	1.159248166890426	0.55577610162763	0.1511842768352091	0.3656307129798903	0.2540675233302389	0.3176283748014823	0.0	0.0	0.0	0.0	0.7877428236373835	0.5200359651041286	0.0	0.0	0.0	0.0	0.0	0.134331222414124	0.1793239487133507	0.0	0.0	0.0	0.0	0.0	0.0	0.0	0.0	0.008470371849324185	0.0	0.0	0.08399832003359933	0.1182499014584154	0.0	0.0	0.0	0.04971958156000159	0.0	0.0	0.0	0.0	0.0	0.0	0.0	0.0	0.0	0.2313030069390902	0.0	0.0	0.07295633296558596	0.0	0.0	0.0	0.0	0.2721829069134458	0.0	0.0	0.0	0.0	0.0
355750	0.0	0.0	0.0	0.0	0.0	0.0	0.0	0.0	0.0	0.0	0.1534919416730622	0.01549106681813488	0.1190948789202064	0.352763312615488	1.938804964880208	0.08794645038354423	0.05293806246691372	0.0	0.0	0.0	0.0	0.1759037373170856	0.1044932079414838	0.004966229638458482	0.0	0.0	0.0	0.03130257854990805	0.3070427940894262	0.07621267820317404	0.0	0.0	0.0	0.0	0.01447282726680657	0.003007609251406057	0.0	0.0	0.0	0.0	0.003751359867952133	0.0629987400251995	0.0	0.0	0.1388009217459269	0.0	0.02784296567360089	0.0	0.0	0.0	0.0527445345749518	0.0	0.0	0.0	0.0	0.0008407035006893769	0.01542020046260601	0.0	0.0	0.1441332431759138	0.0	0.0	0.0	0.0	0.0	0.0	0.0	0.0	0.0	0.0
89388	0.0861697544161999	0.07588692847656991	0.220967345936656	0.03966767305022368	0.09387078961899503	0.0	0.05335273432763429	2.31	0.2232940335834226	7.58	0.8697876694806856	0.3098213363626975	2.759031361651449	0.5543423483957669	1.332627730203021	21.15600723115259	0.8470089994706195	0.3649175789606141	0.0	17.27824328228835	0.806802452046668	1.455667159537042	1.824986027071031	0.1191895113230036	0.4456071757129715	0.9870417777308595	0.0	1.193410807215245	0.3646133179811936	0.636600017932395	0.0	1.353220071118135	3.14192849404117	57.39	2.95245676242854	4.700893259947668	1.732011220562333	0.02355964874705505	0.09922435594922616	0.0	0.6902502157031924	0.4619907601847963	0.0	0.31	0.008085490587141374	6.363440396637206	0.186945626665606	0.01404889013767912	1.1	0.05178440426358261	0.0109126623258521	0.009953972829635765	0.0	0.08587786259541985	3.389860078858299	7.341863671520328	1.495759444872783	3.362151777137368	2.25624496373892	1.469803195843268	0.7995537374488657	0.7283035324901875	0.9015256588072121	0.0	0.5443658138268916	0.0	1.397303107289428	0.02117186259461176	0.0	3.2
4320905	0.0	0.0	0.0	0.0	0.0	0.0	0.0	0.0	0.0	0.0	0.0	0.0	0.03969829297340214	0.2015790357802789	0.00962186086789185	0.01954365564078761	0.0	0.0	0.0	0.0	0.0	0.007647988579003722	0.01701052222303225	0.0	0.0	0.0	0.0	0.0	0.0	0.0	0.0	0.0	0.0	0.0	0.0	0.0	0.0	0.0	0.0	0.0	0.0	0.0	0.0	0.0	0.0	0.0	0.0	0.0	0.0	0.0	0.0	0.0	0.0	0.0	0.0	0.0	0.0	0.0	0.0	0.0	0.0	0.0	0.0	0.0	0.0	0.0	0.0	0.0	0.0	0.0
4379512	0.0	0.0	0.0	0.0	0.007362414872078041	0.0	0.01455074572571844	15.62	0.1786352268667381	0.41	0.0	0.0	0.0	0.0	0.0	0.0	0.0	0.0	0.0	0.0	0.0	0.0	0.0	0.0	0.0	0.0	0.0	0.0	0.0	0.0	0.0	0.0	0.0	0.73	0.0	0.003007609251406057	0.0	0.0	0.0	0.0	0.0	0.0	0.0	0.0	0.0	0.0	0.0	0.0	0.0	0.0	0.0	0.0	0.0	0.0	0.0	0.0	0.0	0.0	0.0	0.0	0.0	0.00436109899694723	0.0	0.0	0.0	0.0	0.0	0.0	0.0	0.0
586332	0.0	0.0	0.0	0.0	0.0	0.0	0.0	0.0	0.0	0.0	0.0	0.01549106681813488	0.1389440254069075	0.0	0.004810930433945925	0.007328870865295353	0.0	0.0	0.0	0.0	0.0	0.0101973181053383	0.002430074603290321	0.0	0.0	0.0	0.0	0.0	0.0	0.004483098717833767	0.0	0.0	0.0	0.0	0.0	0.0	0.0	0.0	0.0	0.0	0.0	0.02099958000839983	0.0	0.0	0.0	0.0	0.001988783262400064	0.0	0.0	0.0	0.0	0.0	0.0	0.0	0.0	0.0	0.0	0.0	0.0	0.01245595928680736	0.0	0.0	0.0	0.0	0.3810560696788242	0.0	0.0	0.0	0.0	0.0
370584	0.1507970702283498	0.7019540884082717	0.220967345936656	0.7096105956762236	0.1822197680839315	0.0	0.09943009579240936	0.0	0.1935214957722996	0.0	0.07674597083653108	0.0335639781059589	0.0	1.243070720645053	1.27489656499567	0.1685640299017931	0.1058761249338274	0.0880835535422172	0.0	0.0	0.0	0.08667720389537552	0.3961021603363223	0.0	0.0546228150873965	0.001319574569158903	0.5435135310532806	0.0665179794185546	0.01919017463058914	0.02241549358916883	0.0	0.03951007506914263	0.02708559046587215	3.1	0.3762935089369708	0.009022827754218171	0.003261791375823602	0.08567144998929106	0.02057090306264445	1.855579096045198	0.04501631841542559	0.02099958000839983	0.009854158454867954	0.0	0.002695163529047125	0.0	0.01392148283680045	0.0	1.66	0.0	0.0	0.0003981589131854306	0.0	0.0	0.0	0.3404849177791976	0.3855050115651504	0.1344860710854947	0.7567529692043583	0.01245595928680736	0.05578281889178133	0.05233318796336677	0.02311604253351826	0.0	0.0	0.0	0.0	0.0	0.0	0.0
4328978	0.2154243860404998	0.3035477139062797	0.3068990915786889	0.2291909998457368	0.3349898766795509	0.0	0.2012853158724384	0.0	0.4138382755746099	0.0	0.0255819902788437	0.1962201796963751	0.1984914648670107	0.0	0.02405465216972963	0.06107392387746129	0.0	2.705423430225242	0.0	0.0	0.0	0.06118390863202978	0.3669412650968384	0.0	0.8825896964121436	0.3998310944551476	0.0	7.160464843291465	0.134331222414124	0.6276338204967273	0.0	0.0493875938364283	0.6771397616468039	0.0	1.432809899413851	0.8631838551535385	0.06686672320438386	0.0	0.0	0.0	0.0	0.1679966400671987	0.0	0.0	0.001347581764523563	0.0	0.04773079829760152	0.0	0.0	0.0	0.0	0.001194476739556292	0.0	0.0	0.0	0.1723442176413222	1.264456437933693	1.364073006724304	1.261254948673931	0.05872095092352041	0.3904797322424693	0.5276929786306149	0.6472491909385114	0.0	0.1088731627653783	0.0	0.0	0.0	5.11	1.25
4303453	0.0	0.01897173211914248	0.01227596366314756	0.01542631729730921	0.03313086692435119	0.0	0.04365223717715533	0.0	0.04168155293557223	0.62	0.0	0.0	0.0	0.0	0.0	0.0	0.0	0.201333836667925	0.0	0.01444669170759896	0.0	0.0	0.0	0.0	0.005749770009199632	0.0	0.0	0.003912822318738506	0.0	0.0	0.0	0.0	0.0	0.0	0.0	0.006015218502812114	0.004892687063735403	0.0	0.0	0.0	0.0	0.0	0.0	0.0	0.0	0.0	0.0	0.0	0.0	0.0	0.0	0.0	0.0	0.0	0.0	0.003362814002757508	0.0	0.0	0.007006971937077392	0.0	0.05578281889178133	0.00436109899694723	0.0	0.0	0.0	0.0	0.0	0.01587889694595882	0.0	0.0
4449524	0.0	0.0	0.0	0.0	0.0	0.0	0.0	0.0	0.0	0.0	0.1534919416730622	0.03098213363626975	0.05954743946010321	2.536536200235175	0.1154623304147022	0.1319196755753164	0.0	0.0	0.0	0.0	0.0	0.0892265334217101	0.1312240285776773	0.004966229638458482	0.0	0.0	0.0	0.0	0.4605641911341394	0.04931408589617144	0.0	0.0	0.0	0.0	0.0	0.0	0.0	0.3469693724566288	0.1560968526518314	0.0	0.0	0.04199916001679967	0.1379582183681514	0.0	0.0	0.0	0.007955133049600256	0.2809778027535825	0.0	0.0	0.0	0.0	0.0	0.0	0.0	0.116017083095134	0.0	0.0	0.0	0.01957365030784014	0.0	0.0	0.0	0.0	0.0	0.0	0.0	0.0	0.0	0.0
4326986	0.0	0.0	0.0	0.0	0.0	0.0	0.0	0.0	0.0	0.0	0.9465336403172167	10.90829288443664	1.806272330289798	0.2015790357802789	0.1202732608486481	0.1563492451263009	0.1058761249338274	0.0	0.0	0.0	0.0	0.2370876459491154	0.1846856698500644	0.0	0.0	0.0	0.0	0.0	1.899827288428325	1.286649332018291	0.0	0.0	0.0	0.0	0.0	0.0	0.0	8.10023559648747	0.1984487118984523	0.0	0.0	2.288954220915582	0.1182499014584154	0.0	0.0	0.0	0.749771289924824	0.1264400112391121	0.0	0.0	0.0	0.0	0.0	0.0	0.0	0.0	0.8789514263685427	0.0	0.0	0.9751236698814905	0.0	0.0	0.0	0.0	14.48013064779532	0.0	0.0	0.0	0.0	0.0
270098	0.0	0.0	0.0	0.0	0.0	0.0	0.0	0.0	0.0	0.0	0.0	0.0	0.0	0.0	0.0	0.0	0.0	0.0	0.0	0.0	0.0	0.0	0.0	0.0	0.0	0.0	0.0	0.0	0.0	0.0	0.0	0.0	0.0	0.0	0.0	0.0	0.0	0.0	0.0	0.1271186440677966	0.0	0.0	0.0	0.0	0.0	0.0	0.0	0.0	0.0	0.0	0.0	0.0	0.0	0.0	0.0	0.09668090257927833	0.0	0.0	0.0	0.0	0.0	0.0	0.0	0.0	0.0	0.0	0.107484854406879	10.06722066373789	0.0	0.0
562023	0.0	0.0	0.0	0.0	0.0	0.0	0.0	0.0	0.0	0.0	0.07674597083653108	0.1187648456057007	0.05954743946010321	0.05039475894506971	2.362166843067449	0.08550349342844579	0.2117522498676549	0.0	0.0002414916455965206	0.0	0.0	0.1325651353693978	0.05346164127238706	0.0	0.0	0.0	0.0	0.0	1.823066589905968	0.1613915538420156	0.0	0.0	0.0	0.0	0.0	0.0	0.0	0.05782822874277147	0.07260318727992159	0.0	0.0	0.2099958000839983	0.0	0.0	0.0	0.0	0.5568593134720178	0.0	0.0	0.0	0.0	0.0	0.0	0.0	0.0	0.0	0.1233616037008481	0.0	0.0	0.09786825153920069	0.0	0.0	0.0	0.0	0.1633097441480675	0.0	0.0	0.0	0.0	0.0
523025	0.0861697544161999	0.1138303927148549	0.1718634912840658	0.1035767018533618	0.08466777102889747	0.0	0.04122711288953559	0.0	0.04465880671668453	0.0	1.483755436172934	0.7254982959826499	0.8932115919015483	16.44548966907442	1.356682382372751	0.8843504177456394	8.893594494441503	0.06291682395872657	0.0	0.0	0.0007909827961241842	0.9661958904808036	7.822410147991543	0.3128724672228844	0.008624655013799448	0.0	0.08761113634888701	0.007825644637477012	1.650355018230666	0.7621267820317403	0.0	0.493875938364283	0.1083423618634886	0.0	0.02894565453361314	0.1022587145478059	0.09622284558679627	0.06639537374170058	0.09317409034256603	0.001765536723163842	0.007502719735904265	5.690886182276354	0.04927079227433977	0.0	0.9379169081083996	0.05173528777753827	4.880474125929756	0.04214667041303737	0.0	0.0	0.2218908006256593	0.0	1.114421273309059	0.001908396946564886	0.001744652639659444	0.0	0.4780262143407864	0.01921229586935639	0.05255228952808044	0.9306381010000355	0.01859427296392711	0.00436109899694723	0.0	0.0	0.979858464888405	0.0	0.0	0.0	0.0	0.0
546567	0.0	0.0	0.01227596366314756	0.0	0.0	0.0	0.0	0.0	0.0	0.0	0.1534919416730622	0.002581844469689146	0.01984914648670107	0.0	0.0	0.01465774173059071	0.0	0.0	0.0	0.0	0.0	0.0101973181053383	0.0121503730164516	0.0	1.138454461821527	0.0	0.0	1.475134014164417	0.0	0.0	0.0	0.0	0.0	0.0	0.0	0.0	0.0	0.0	0.0	0.0	0.0	0.0	0.0	0.0	0.0	0.0	0.003977566524800128	0.0	0.0	0.0	0.0	0.0	0.0	0.0	0.0	0.0	0.01542020046260601	8.93371757925072	10.57352065304979	0.0	0.7809594644849386	1.626689925861317	1.363846509477578	0.0	0.05443658138268917	0.0	0.0	0.0	0.0	0.0
147946	0.0	0.0	0.0	0.002203759613901316	0.0	0.0	0.0	0.0	0.005954507562224604	0.46	0.0255819902788437	0.0	0.258038904327114	0.0	0.004810930433945925	0.007328870865295353	0.0	0.01258336479174531	0.0	0.0	0.0	0.01784530668434202	0.0121503730164516	0.004966229638458482	0.01437442502299908	0.0	0.0	0.05477951246233909	0.0	0.01793239487133507	0.0	0.02963255630185697	0.08125677139761647	0.0	0.0	0.1443652440674907	0.02446343531867702	0.004283572499464553	0.02178095618397648	0.0	0.0	0.04199916001679967	0.0	0.0	0.0	0.0	0.04176444851040134	0.0	0.0	0.0	0.0	0.0	0.0	0.0	0.0	0.03699095403033258	0.07710100231303006	0.0	0.007006971937077392	0.003558845510516389	0.0	0.01744439598778892	0.0	0.0	0.0	0.0	0.04397107680281415	0.0	0.0	0.0
4366937	0.4308487720809996	0.01897173211914248	0.02455192732629511	0.01763007691121053	0.02208724461623413	0.0	0.0363768643142961	0.0	0.08336310587114446	0.0	0.0	1.716926572343282	0.0	0.0	0.0	0.0	0.0	0.03775009437523594	0.0	0.0	0.4532331421791576	0.0	0.0	5.557210965435042	0.1178702851885925	0.0395872370747671	0.0	0.02347693391243104	0.4797543657647284	0.3541647987088676	0.0	0.1481627815092849	0.3791982665222102	0.0	0.0	0.2135402568498301	2.276730380324874	4.945384450631827	0.5130625234447792	0.003531073446327684	0.0	1.049979000419992	0.2364998029168309	0.0	0.0	0.004311273981461522	0.1630802275168052	0.449564484405732	2.41	0.0	0.0	0.0	0.0	0.0	0.0	1.963042674109695	0.2467232074016962	0.09606147934678194	0.04204183162246435	0.1441332431759138	0.0	0.680331443523768	0.53166897827092	0.4	1.034295046271094	10.9	0.0	0.0	0.0	0.0
220314	0.5170185264971995	0.3414911781445646	0.3191750552418365	0.25122859598475	0.5098472298914043	0.0	0.2400873044743543	0.0	0.6222460402524711	0.0	1.151189562547966	0.0	1.984914648670107	0.8399126490844951	0.644664678148754	2.496702008110617	0.9528851244044468	0.4530011325028313	0.001207458227982603	0.0	0.2452046667984971	5.312802732881252	1.146995212753031	0.0	0.140869365225391	0.04354596078224381	0.0	0.0665179794185546	0.0	0.0	0.0	0.05926511260371395	0.1083423618634886	0.0	0.0	0.2315859123582664	0.04729597494944223	0.00642535874919683	0.001210053121332026	0.0	0.4164009453426867	0.0	0.0	0.0	0.001347581764523563	0.0	0.0	0.0	0.0	0.002157683510982609	0.0	44.118794693338	0.0	0.0	0.0	0.8524733496990282	0.0	0.05763688760806917	0.09459412115054479	0.0	0.01859427296392711	0.1003052769297863	0.04623208506703652	0.0	0.0	0.0	0.1221418800078171	0.0	0.0	0.0
581747	0.0	0.0	0.0	0.0	0.0	0.0	0.0	11.79	0.0	49.53	0.0	0.0	0.0	0.0	0.0	0.0	0.0	0.0	0.0	0.0	0.0	0.0	0.0	0.0	0.0	0.001319574569158903	0.0	0.0	0.0	0.0	0.0	0.0	0.0	0.0	0.0	0.0	0.0	0.0	0.0	0.0	0.0	0.0	0.0	0.0	0.0	0.0	0.0	0.0	0.0	0.0	0.0	0.0	0.0	0.0	0.0	0.0	0.0	0.0	0.0	0.0	0.0	0.0	0.0	0.0	0.0	0.0	0.0	0.0	0.0	0.0
141042	6.247307195174494	1.479795105293113	3.71961698993371	3.129338651739868	1.890300018406037	8.84	1.930398932945314	0.0	2.530665713945456	0.0	0.1534919416730622	0.2452752246204689	0.9527590313616514	0.03359650596337981	0.06254209564129704	0.3615576293545708	0.2117522498676549	3.057757644394111	0.0	1.170182028315516	0.4113110539845758	0.05608524957936063	0.02916089523948385	1.956694477552642	0.9487120515179392	0.00395872370747671	0.00324485690181063	1.776421332707282	0.1535213970447131	0.4752084640903793	16.67149898521311	0.7605689450809957	1.570964247020585	9.9	0.04341848180041971	1.335378507624289	1.185661165111879	1.599914328550011	1.089047809198824	0.1694915254237288	9.299621112653336	0.125997480050399	1.83287347260544	1.66	0.01347581764523562	10.30394481569304	0.1690465773040054	41.75330148918236	4.68	0.0	0.003637554108617366	0.007166860437337751	0.0	2.608778625954198	0.2773997697058516	0.1076100480882402	1.449498843484965	2.785782901056676	1.888378937042357	0.1014270970497171	0.7623651915210116	2.032272132577409	1.918631530282016	10.95	3.538377789874795	12.14	1.993355481727575	0.005292965648652941	1.36	1.16
4362609	0.0	0.0	0.0	0.0	0.0	0.0	0.0	0.0	0.0	0.0	0.0	0.0	0.0	0.0	0.0	0.0	0.0	0.0	0.0	22.11788500433401	0.0	0.0	0.0	0.0	0.0	0.0	0.001622428450905315	0.0	0.0	0.0	0.0	0.0	0.0	0.0	0.007236413633403285	0.0	0.0	0.0	0.0	0.0	0.09003263683085118	0.0	0.0	0.0	0.001347581764523563	0.7889631386074585	0.0	0.0	0.0	0.0	0.05638208868356917	0.0	0.0	0.003816793893129771	0.0	0.0	0.0	0.0	0.0	0.0	0.0	0.0	0.0	0.0	0.0	0.0	0.0	0.0	0.0	0.0
313427	0.0	0.01897173211914248	0.0	0.0	0.01104362230811706	0.0	0.007275372862859222	0.0	0.02084077646778611	0.0	0.0	0.0	0.0	0.0	0.0	0.0	0.0	0.0	0.0	0.0	0.0007909827961241842	0.0	0.0	0.1936829558998808	0.05174793008279668	0.0	26.78304886754494	0.02347693391243104	0.0	0.0	0.0	0.02963255630185697	0.1354279523293608	0.0	0.007236413633403285	0.1804565550843634	0.02935612238241242	0.0	0.0	0.0	0.02250815920771279	0.0	0.0	0.0	0.1226299405716442	0.04742401379607674	0.0	0.0	0.0	0.0	0.0	0.0	0.0	0.0	0.0	0.0	0.0	0.0	0.01051045790561609	0.0	0.03718854592785422	0.00436109899694723	0.04623208506703652	0.0	0.0	0.0	0.004885675200312683	0.0	0.0	0.0
4439125	0.0	0.0	0.0	0.002203759613901316	0.0	0.0	0.004850248575239481	0.0	0.0	0.0	0.0	2.204895177114531	0.0	0.0	0.0	0.004885913910196903	0.0	0.0	0.0	0.0	0.0	0.0	0.0	0.0	0.0	0.0	0.0	0.0	39.83880253310305	3.268178965300816	0.0	0.0	0.0	0.0	0.0	0.0	0.0	0.0	0.0	0.0	0.0	4.115917681646367	0.0	0.0	0.0	0.0	1.994749612187264	0.0	0.0	0.0	0.0	0.0	0.0	0.0	0.0	0.0	1.634541249036238	0.0	0.0	2.918253318623439	0.0	0.0	0.0	0.0	3.157321720195971	0.0	0.0	0.0	0.0	0.0
239470	0.0861697544161999	0.01897173211914248	0.02455192732629511	0.05729774996143421	0.06258052641266336	0.0	0.04365223717715533	0.0	0.05359056806002144	0.0	0.2814018930672806	0.06970980068160694	0.09924573243350536	0.2855703006887284	0.51958048686616	0.1490203742610055	11.01111699311805	0.05033345916698125	0.0	0.0	0.0	0.2090450211594351	0.4131126825593546	0.004966229638458482	0.2156163753449862	0.0	0.0	0.3286770747740345	0.1727115716753022	0.0	0.0	3.506519162386409	4.062838569880824	0.0	0.0	2.974525549640591	3.136212407854393	0.0	0.0	0.03001412429378531	0.0	0.0	0.0	0.0	0.0	0.0	0.01591026609920051	0.0	0.0	0.0	0.0	0.0003981589131854306	0.0	0.0	0.0	0.0	0.01542020046260601	0.249759846301633	0.1891882423010896	0.02847076408413111	0.1301599107474898	0.1744439598778892	0.2773925104022191	0.0	0.0	0.0	0.9966777408637874	0.0	0.0	0.0
277409	0.0	0.0	0.0	0.0	0.0	0.0	0.0	0.0	0.0	0.0	0.0	0.0	0.0	0.0	0.0	0.0	0.0	0.0	0.0	0.0	0.0	0.0	0.0	0.0	0.0	0.0	0.001622428450905315	0.0	0.0	0.0	0.0	0.0	0.0	0.0	37.48462262102902	0.0	0.0	0.0	0.0	0.0	0.0112540796038564	0.0	0.0	0.0	0.004042745293570687	0.1207156714809226	0.0	0.0	0.0	0.0	0.0	0.0	0.0	0.0	0.0	0.0	0.0	0.0	0.0	0.0	0.0	0.0	0.0	0.0	0.0	0.0	0.0	0.0	0.0	0.0
2251859	0.3015941404566997	0.2086890533105673	0.3437269825681316	0.1696894902704013	0.3902079882201362	0.0	0.2788892930762701	0.0	0.3632249612957009	0.0	0.0	0.08778271196943097	0.01984914648670107	0.0	0.0	0.01954365564078761	0.0	2.340505851264628	0.0	1.646922854666282	0.7474787423373542	0.002549329526334574	0.0	2.940007945967421	9.734360625574977	0.0	0.00324485690181063	0.6808310834605	0.05757052389176742	0.0806957769210078	0.0	0.0	0.0	0.0	0.02894565453361314	0.01804565550843634	0.001630895687911801	0.01713428999785821	0.002420106242664053	0.0	0.225081592077128	0.251994960100798	0.03941663381947182	0.39	0.0	0.4699288639793059	0.9387056998528301	0.01404889013767912	9.28	0.02589220213179131	0.0	0.001194476739556292	0.0	0.0	0.001744652639659444	0.0	0.1233616037008481	0.8261287223823247	0.8548505763234417	0.09786825153920069	0.5950167348456675	0.4971652856519843	0.6010171058714748	0.0	0.1088731627653783	0.0	0.0	0.0	0.0	0.0
259272	3.037483843171047	17.68165433504079	16.56027498158605	6.569407409039822	10.09203018590098	0.0	3.307869528313326	0.0	6.445754436108134	0.0	0.0255819902788437	0.1704017349994836	0.01984914648670107	0.0	0.00962186086789185	0.1148189768896272	0.05293806246691372	3.875676355857556	0.0002414916455965206	0.3178272175671771	0.1059916946806407	0.005098659052669148	0.004860149206580642	0.004966229638458482	2.34015639374425	0.01187617112243013	27.07833084560971	2.101185585162578	0.1151410477835348	0.1972563435846857	0.8118295158016816	28.83247728170684	9.452871072589382	0.84	0.02170924090020986	14.17486240187675	4.493117620197013	3.00064253587492	1.484735179874396	0.0	1.5830738642758	3.569928601427971	12.21915648403626	0.0	14.14691336396836	0.1207156714809226	0.1829680601408059	12.82663669570104	0.0	0.01510378457687826	0.1073078462042123	0.0003981589131854306	0.066203243958954	0.02862595419847329	0.06978610558637775	0.0	0.2313030069390902	1.729106628242075	0.9529481834425254	0.08007402398661874	0.5392339159538861	0.4186655037069342	0.4160887656033287	0.0	0.1633097441480675	0.0	0.4250537424272035	0.0	0.0	0.0
329940	0.1292546316242998	0.8537279453614115	1.031180947704395	0.1167992595367697	0.2300754647524388	0.0	0.1891596944343398	0.0	0.2619983327378826	0.0	0.3069838833461243	0.09036455643912011	0.2977371973005161	0.2519737947253485	0.1683825651881074	0.2882689207016172	0.2117522498676549	0.7927519818799547	0.0	0.0	0.4919912991892426	7.831540304899812	0.2600179825520643	0.7747318235995232	6.925597976080956	2.974321078884168	0.0	9.84466095394608	1.880637113797735	0.1703577512776831	1.710640765439258	0.09877518767285659	1.327193932827736	0.0	0.2388016499023084	0.1894793828385816	0.1272098636571205	0.004283572499464553	0.003630159363996079	0.0	0.007502719735904265	0.0629987400251995	0.06897910918407568	0.0	0.2263937364399585	0.0	0.05170836482240165	0.01404889013767912	0.0	0.0	0.1254956167472991	0.4909299399576359	0.0	0.0	0.0	1.711672327403571	0.1079414032382421	8.587896253602304	6.975440563360544	0.08007402398661874	26.8873187058386	2.956825119930222	2.912621359223301	0.0	0.05443658138268917	0.0	0.004885675200312683	0.0	0.0	0.0
4312850	0.0	0.0	0.0	0.0	0.0	0.0	0.0	0.0	0.0	0.0	0.0	0.0	0.0	0.0	0.0	0.0	0.0	0.0	0.0	0.0	0.0	0.0	0.0	0.0	0.0	0.0	0.0	0.0	0.0	0.0	0.0	0.0	0.0	0.0	27.28127939793039	0.0	0.0	0.0	0.0	0.0	0.0	0.0	0.0	0.0	0.0	0.0	0.0	0.0	0.0	0.0	0.0	0.0	0.0	0.0	0.0	0.0	0.0	0.0	0.0	0.0	0.0	0.0	0.0	0.0	0.0	0.0	0.0	0.0	0.0	0.0
866365	0.0430848772080999	0.0	0.07365578197888534	0.01542631729730921	0.02392784833425363	0.0	0.01697587001333818	0.0	0.1667262117422889	0.0	0.0	0.1213466900753899	0.0	0.0	0.0	0.002442956955098451	0.0	0.163583742292689	0.0	0.1444669170759896	0.007909827961241843	0.005098659052669148	0.0	0.0	1.08958141674333	0.6202000475046845	0.0	1.314708299096138	0.01919017463058914	0.0268985923070026	0.0	0.03951007506914263	0.7313109425785482	0.0	0.0	0.08120544978796355	0.04240328788570683	0.0	0.0	0.0	0.04876767828337772	0.02099958000839983	0.0	0.0	0.0	0.004311273981461522	0.007955133049600256	0.0	5.7	0.0	0.1273143938016078	0.003981589131854306	0.0	38.94465648854962	56.32611047140514	0.1101321585903084	0.04626060138781804	10.95100864553314	7.115580002102091	0.0	1.599107474897731	1.508940252943742	1.548774849745724	0.0	0.1633097441480675	0.0	0.0	0.0	0.0	0.0
219549	0.0	0.0	0.0	0.002203759613901316	0.00184060371801951	0.0	0.0	0.0	0.0	0.0	0.1534919416730622	0.0	0.4168320762207225	0.2183772887619687	0.2453574521312422	0.3982019836810476	18.74007411328745	0.0	0.0	0.0	0.0	1.07581706011319	0.2211367888994192	0.0	0.02587396504139834	0.0	0.0	0.1956411159369253	0.0	0.0	0.0	0.009877518767285657	0.0	0.0	0.0	0.003007609251406057	0.001630895687911801	0.0	0.0	0.0	0.0	0.0	0.0	0.0	0.0	0.1120931235179996	0.0	0.0	0.0	0.0	0.0	0.05852936023825829	0.4413549597263599	0.0	0.0	0.437165820358476	0.0	0.0	0.003503485968538696	0.0	0.0	0.00436109899694723	0.0	0.0	0.0	0.0	1.309360953683799	0.0	0.0	0.0
341885	0.0	0.0	0.0	0.0	0.0	0.0	0.00242512428761974	0.0	0.0	0.0	0.0	0.0	0.0	0.0	0.0	0.0	0.0	0.0	0.0	0.0	0.0	0.0	0.0	0.0	0.0	0.0	0.0	0.003912822318738506	0.0	0.0	0.0	0.0	0.0	0.0	0.0	0.0	0.0	0.0	0.0	77.67831920903954	0.0	0.0	0.0	0.0	0.0	0.0	0.0	0.0	0.0	0.0	0.0	0.0	0.0	0.0	0.0	0.0	0.0	0.0	0.0	0.0	0.0	0.0	0.0	0.0	0.0	0.0	0.0	0.0	0.0	0.0
258617	0.0	0.0	0.0	0.0	0.0	0.0	0.0	0.0	0.0	0.0	0.0	0.0	0.0	0.0	0.0	0.0	0.0	0.0	0.0	0.01444669170759896	0.0	0.0	0.0	0.0	0.0	0.0	0.0	0.0	0.0	0.0	10.84372281820818	0.0	0.0	0.0	0.0	0.0	0.0	0.0	0.0	0.0	0.0	0.0	0.0	0.0	0.0	0.0	0.0	0.0	0.0	0.0	0.0	0.0	87.45448526977822	0.0	0.0	0.0	0.0	0.0	0.0	0.0	0.0	0.0	0.0	0.0	0.0	0.0	0.0	0.0	0.0	0.0
156371	0.7109004739336493	4.249667994687915	0.3928308372207218	0.2644511536681579	0.5006442113013069	0.0	0.6450830605068509	1.18	0.7532452066214124	0.0	0.07674597083653108	2.230713621811422	0.03969829297340214	0.0	0.0	0.01221478477549226	0.0	0.6417516043790109	0.0	1.097948569777521	0.1779711291279415	0.01529597715800744	0.02916089523948385	0.2284465633690902	0.1293698252069917	10.83898551107123	0.0	0.1173846695621552	1.727115716753022	33.32287276965839	0.0	0.05926511260371395	0.6229685807150596	0.0	0.05789130906722628	0.1894793828385816	0.3392263030856547	0.9145427286356821	0.4029476894035648	0.0	2.554676070075402	3.359932801343973	0.02956247536460386	12.48	0.002695163529047125	20.87518861823669	4.190366333876934	0.0561955605507165	5.33	0.0	0.5674584409443091	0.002388953479112583	0.0	26.22709923664122	14.40385219302837	0.9659683222920941	2.235929067077872	0.2113352545629203	0.1436429247100865	1.186874977757216	0.03718854592785422	0.2660270388137811	0.1618122977346279	0.0	20.41371801850844	0.37	0.0	0.0	0.0	9.45
10413	0.0	0.0	0.0	0.002203759613901316	0.003681207436039021	0.0	0.02667636716381715	0.0	0.0	0.0	0.0	0.1032737787875658	0.0	0.01679825298168991	0.0192437217357837	0.002442956955098451	0.0	0.0	0.0	0.0	0.0	0.01274664763167287	0.1506646254039999	0.0	0.0172493100275989	0.0	0.0	0.1526000704308017	0.2110919209364805	0.1389760602528468	0.0	0.9877518767285659	2.00433369447454	0.0	0.0	24.33456645312641	1.712440472307391	0.0	0.0	0.0	0.0	0.125997480050399	0.0	0.0	0.0	0.0	0.07159619744640229	0.0	0.0	0.0	0.0	0.0	0.0	0.0	0.0	0.0	0.04626060138781804	0.0	0.007006971937077392	0.09964767429445887	0.0	0.0	0.0	0.0	3.157321720195971	0.0	0.0	0.0	0.0	0.0
4424709	0.0	0.0	0.0	0.0	0.00184060371801951	0.0	0.00242512428761974	0.0	0.002977253781112302	0.0	1.355845484778716	3.865021171124652	1.190948789202064	19.08281538719973	3.839122486288848	3.918502955977916	2.223398623610376	0.05033345916698125	0.0	0.0	0.03638520862171248	1.157395604955897	1.489635731816967	2.075883988875646	0.04599816007359706	0.001319574569158903	0.0	0.03130257854990805	4.068317021684898	7.5943692280104	0.0	0.01975503753457131	0.02708559046587215	0.0	0.0	0.0	0.06034314045273664	0.004283572499464553	0.0	2.84957627118644	0.0	9.113817723645527	0.0	0.0	0.0	0.0	2.287100751760073	0.0	0.0	0.0	0.0	0.0007963178263708611	0.0	0.0	0.0	0.0008407035006893769	3.284502698535081	0.01921229586935639	0.03853834565392565	67.91878714545003	0.01859427296392711	0.9507195813344962	0.8090614886731391	0.24	5.770277626565052	0.0	0.0	0.0	0.0	0.0
4450598	0.5170185264971995	0.2276607854297097	1.964154186103609	0.3173413844017894	0.3625989324498435	1.38	0.5311022189887232	0.0	0.4376563058235085	0.0	1.739575338961371	1.009501187648456	1.329892814608972	1.041491684864774	18.36813239680554	1.258122831875703	22.23398623610376	1.572920598968164	0.0	0.0	0.3021554281194384	1.547443022485086	33.79747758256178	13.05621771950735	24.18640754369825	0.002639149138317806	0.0	3.713268380482843	1.803876415275379	0.9773155204877612	0.0	1.195179770841565	4.062838569880824	0.0	0.0	2.003067761436434	14.75308239285015	0.4112229599485971	0.06897302791592551	0.0	0.0	1.532969340613188	0.01970831690973591	0.0	0.0	0.0	1.067976611908834	0.02809778027535825	0.0	0.0	0.0	0.0	0.0	0.0	0.0	0.5632713454618825	0.5088666152659985	3.496637848222862	3.766247416179099	1.185095555001957	1.785050204537002	8.168338421282163	15.41840036985668	0.0	5.389221556886228	0.0	0.0	0.0	0.0	1.55
4308446	8.746230073244291	0.4932650350977045	0.748833783452001	1.666042268109395	0.7601693355420578	1.94	0.681459924821147	12.27	1.223651304037156	2.81	2.14888718342287	1.339977279768667	0.277888050813815	0.05039475894506971	0.1154623304147022	0.09283236429374114	0.1588141874007411	0.3397508493771235	0.0	0.0	0.07988926240854262	0.06628256768469892	0.4592841000218706	1.395510528406834	3.079001839926403	0.0	0.0	3.333724615565207	0.2878526194588371	2.322245135837891	0.0	0.1086527064401422	0.2979414951245937	0.0	0.01447282726680657	0.7158110018346416	0.8105551568921652	12.71364317841079	0.3920572113115766	0.0	0.0	5.270894582108357	0.2759164367363027	0.0	0.0	2.677301142487605	0.3261604550336105	0.351222253441978	0.0	0.0	0.009093885271543414	0.0	0.0	0.0	0.0	0.7053502370783872	0.6630686198920586	3.823246878001922	4.2462249938689	0.3096195594149258	2.24990702863518	29.73397296118622	25.77438742487286	0.0	6.260206859009254	0.0	0.0	0.0	0.0	0.0
823916	0.0	0.0	0.0	0.0	0.005521811154058531	0.0	0.0	0.0	0.0	0.0	0.4604758250191865	0.05680057833316121	0.0	0.0	0.2309246608294044	0.05618800996726438	0.0	0.0	51.23076217178266	0.0	0.0	0.05353592005302606	0.02916089523948385	0.0	0.0	0.0	0.0	0.0	0.01919017463058914	0.03586478974267013	0.02899391127863149	0.0	0.0	0.0	0.01447282726680657	0.0	0.0	0.0	0.0	0.0	0.003751359867952133	0.0629987400251995	0.0	0.0	0.004042745293570687	0.9269239060142271	0.6682311761664215	0.0	0.0	0.0	0.5074387981521224	0.0	0.6178969436169038	0.001908396946564886	0.001744652639659444	1.564549214782931	0.04626060138781804	0.0	0.0	0.06761806469981138	0.0	0.0	0.0	0.0	0.0	0.0	0.0	0.0	0.0	0.6
4345999	1.055579491598449	0.2276607854297097	0.3068990915786889	0.2380060383013421	1.043622308117062	0.0	0.5311022189887232	0.0	0.3036798856734548	0.0	0.0	0.0	0.0	0.0	0.0	0.0	0.0	1.157669560840569	0.0	0.0	6.008305319359304	0.0	0.0	21.61799761620977	0.1954921803127875	0.001319574569158903	0.0	0.05086669014360058	0.0	0.0	0.0	0.02963255630185697	0.08125677139761647	0.0	0.0	0.05714457577671508	0.2136473351164459	0.0	0.0	0.0	0.0	0.0	0.0	0.0	0.0	0.04742401379607674	0.0	0.0	0.0	0.0	0.2291659088428941	0.001194476739556292	0.0	0.0	0.001744652639659444	0.631368329017722	0.0	0.1344860710854947	0.1681673264898574	0.0	0.0	0.9332751853467073	0.5085529357374018	12.92	0.0	49.58	0.0	0.0	1.09	4.53
4010666	0.0	0.0	0.0	0.0	0.0	0.0	0.0	0.0	0.0	0.0	1.407009465336403	0.02581844469689146	25.16871774513696	0.5711406013774567	1.072837486769941	12.09019397078223	0.8470089994706195	0.0	0.0	0.0	0.0	1.629021567327793	0.8894073048042576	0.004966229638458482	0.0	0.0	0.0	0.0	0.0	0.03138169102483637	0.0	0.009877518767285657	0.0	0.0	0.0	0.01203043700562423	0.004892687063735403	0.0	0.0	0.0	0.0	0.0629987400251995	0.0	0.0	0.0	0.0	0.01193269957440038	0.0	0.0	0.0	0.0	0.0	0.0	0.0	0.0	0.0	0.2467232074016962	0.0	0.0	0.00889711377629097	0.0	0.0	0.0	0.0	0.0	0.0	0.0	0.0	0.0	0.0
4354822	0.0215424386040499	0.0	0.03682789098944267	0.004407519227802631	0.007362414872078041	0.0	0.00242512428761974	0.0	0.08634035965225675	0.0	0.0	0.01290922234844573	0.0	0.0	0.0	0.0	0.0	0.0	0.0	0.8234614273331408	0.0	0.0	0.004860149206580642	0.0	0.2213661453541858	0.0	0.001622428450905315	0.1369487811558477	0.03838034926117827	0.03586478974267013	0.0	0.0	0.0	0.0	0.02894565453361314	0.0	0.0	0.2184621974726922	0.06776297479459348	0.0	11.92182166035188	0.3779924401511969	0.0	13.22	0.001347581764523563	18.27980168139685	0.02585418241120083	0.02809778027535825	1.54	0.0	0.189152813648103	0.0	0.132406487917908	0.001908396946564886	0.001744652639659444	0.09331808857652082	0.06168080185042405	0.1536983669548511	0.3293276810426374	0.03380903234990569	0.09297136481963555	1.892716964675098	1.06333795654184	0.0	0.1088731627653783	0.0	0.0	0.0	0.0	0.0
3275744	0.0	0.0	0.0	0.0	0.0	0.0	0.0	0.0	0.0	0.0	0.0	0.0	0.0	0.0	0.0	0.0	0.0	0.0	0.0	0.0	0.0	0.0	0.0	0.01986491855383393	0.0	0.0	0.4007398273736128	0.0	0.0	0.0	0.0	0.0	0.0	0.0	0.003618206816701643	0.0	0.0	1.981152281002356	1.729165910383466	0.0	0.01500543947180853	0.0	10.76074103271581	0.0	1.811149891519668	0.0	0.001988783262400064	4.917111548187693	0.0	0.0	0.0	0.0	0.0	0.005725190839694656	0.006978610558637775	0.0	0.0	0.0	0.0	0.0	0.0	0.0	0.0	0.0	0.0	0.0	0.0	0.0	0.0	0.0
530377	0.0	0.0	0.0	0.002203759613901316	0.005521811154058531	0.0	0.007275372862859222	0.0	0.008931761343336906	0.0	0.1279099513942185	0.2168749354538883	0.03969829297340214	0.01679825298168991	0.08659674781102665	0.1074901060243318	0.0	0.03775009437523594	0.0	0.0	0.001581965592248368	0.155509101106409	0.5783577555830964	0.0	0.9573367065317387	18.26159246259006	0.0	4.045858277575616	0.01919017463058914	0.05379718461400521	0.0	0.9383642828921376	11.99891657638137	0.71	0.07236413633403285	1.696291617793016	1.060082197142671	0.0	0.001210053121332026	0.0	0.0	0.08399832003359933	0.0	0.0	0.0	0.0	0.02585418241120083	0.02809778027535825	0.0	0.0	0.0	0.001194476739556292	0.0	0.0	0.0	0.9020748562397015	0.06168080185042405	1.364073006724304	1.53102336825141	0.01245595928680736	6.87988099665303	1.072830353249019	1.132686084142395	0.0	0.1088731627653783	0.0	0.06351377760406489	0.005292965648652941	1.41	0.0
676387	2.477380439465747	1.897173211914248	2.504296587282102	1.668246027723296	2.904472667034788	0.0	2.238389717473021	1.28	30.89198523282124	11.73	0.0	0.0	0.0	0.0	0.0	0.0	0.0	1.849754624386561	0.0	0.0	0.0	0.0	0.0	0.0	0.02012419503219871	0.0	0.00324485690181063	0.02347693391243104	0.0	0.0	0.0	0.009877518767285657	0.0	0.0	12.65648744482234	0.009022827754218171	0.001630895687911801	0.0	0.0	0.0	0.0	0.0	0.0	0.0	0.0	0.0	0.0	0.0	0.0	0.0	0.0	0.0	0.0	0.0	0.0	0.0	0.0	0.01921229586935639	0.01751742984269348	0.0	0.01859427296392711	0.2224160488443088	0.02311604253351826	0.0	0.0	0.0	0.0	0.0	1.54	0.0
4422405	0.6247307195174493	5.444887118193891	0.9820770930518046	1.45668510478877	2.1792748021351	0.0	0.5771795804534983	0.0	0.5984280100035727	0.0	0.0255819902788437	0.005163688939378292	0.03969829297340214	0.352763312615488	0.02405465216972963	0.02442956955098451	0.0	0.5536680508367937	0.0	0.0	0.0	0.01529597715800744	0.009720298413161283	0.004966229638458482	0.02012419503219871	0.0	0.0	0.04304104550612357	0.03838034926117827	0.01793239487133507	0.0	6.203081785855393	2.1397616468039	0.0	0.02170924090020986	1.215074137568047	0.8757909844086371	0.01713428999785821	0.0	0.0	0.0112540796038564	0.02099958000839983	0.0	0.0	0.2654736076111418	0.01293382194438457	0.02386539914880076	0.0	0.0	0.01510378457687826	1.327707249645338	0.0	0.6951340615690168	0.003816793893129771	0.005233957918978332	0.05212361704274136	0.2467232074016962	0.07684918347742556	0.09809760711908348	0.05694152816826222	0.03718854592785422	0.01744439598778892	0.04623208506703652	0.0	0.05443658138268917	0.0	0.0	0.0	0.0	0.0
4303815	0.0215424386040499	0.0	0.01227596366314756	0.004407519227802631	0.01472482974415608	25.33	0.004850248575239481	6.94	0.1042038823389306	0.0	0.0	0.002581844469689146	0.1587931718936086	0.0	0.004810930433945925	0.01221478477549226	0.0	0.01258336479174531	0.0	0.0	0.0	0.0101973181053383	0.007290223809870963	0.004966229638458482	0.05749770009199632	0.0	0.0	0.0704308017372931	0.0	0.0	0.0	0.3259581193204267	0.5687973997833152	0.0	0.0	0.5052783542362176	0.3718442168438907	0.0	0.0	0.0	0.0	0.0	0.0	0.0	0.0	0.0	0.003977566524800128	0.0	0.0	0.0	0.0	0.0003981589131854306	0.0	0.0	0.0	0.002522110502068131	0.03084040092521203	0.07684918347742556	0.1191185229303157	0.0	0.05578281889178133	0.07849978194505015	0.09246417013407304	0.0	0.0	0.0	0.004885675200312683	0.0	2.82	0.0
1777569	0.0	0.0	0.0	0.004407519227802631	0.0	0.0	0.0	0.0	0.0	0.0	0.0	0.0	0.0	0.0	0.0	0.0	0.0	0.01258336479174531	0.0	0.0	0.0	0.0	0.0	0.0	3.001379944802208	0.00791744741495342	0.0	11.33935907970419	0.0	0.0	0.0	0.09877518767285659	0.2437703141928494	0.0	0.1302554454012591	0.2556467863695149	0.1141626981538261	0.0	0.0	0.0	0.0	0.0	0.0	0.0	0.0	0.0	0.0	0.0	0.0	0.0	0.06547597395511258	0.0	0.0	23.91603053435115	15.26222129174081	0.0	0.0	18.96253602305475	26.07994954980205	0.0	2.324284120490889	3.279546445704318	3.005085529357374	0.0	0.0	0.0	0.0	0.0	0.0	0.0
652276	4.782421370099095	21.305255169797	19.62926589737294	24.96859642550191	19.97975335910179	0.0	4.927852552443312	0.0	5.442419911873288	0.0	20.64466615502686	0.7668078074976764	2.77888050813815	26.17167814547287	32.90195323775618	2.398983729906679	4.976177871889889	4.165093746067698	0.003380883038351289	0.0	0.0	2.730331922704329	12.43712181963986	0.2234803337306317	0.1638684452621895	0.0	1.422869751443961	0.7160464843291466	5.488389944348493	0.9504169281807586	0.0	9.018174634531807	4.7670639219935	2.49	0.6006223315724727	1.669223134530362	1.16772131254485	0.9166845148854144	0.9317409034256603	0.3319209039548022	0.04126495854747346	3.296934061318773	0.3054789121009066	0.0	3.660032072445996	0.19831860314723	6.847380772443419	0.09834223096375386	5.12	0.01726146808786087	78.83671019606416	0.0	0.0	0.08015267175572519	0.1099131162985449	6.607929515418502	0.5242868157286045	0.5187319884726225	1.138632939775076	1.946688494252464	0.2045370026031982	0.1526384648931531	0.2773925104022191	6.99	1.524224278715297	0.0	0.107484854406879	0.005292965648652941	0.0	0.0
1688393	0.0430848772080999	0.03794346423828496	0.06137981831573779	0.01763007691121053	0.04785569666850727	0.0	0.05335273432763429	0.0	0.08038585209003216	0.0	0.0	4.859031291954972	0.09924573243350536	0.0	0.0	0.007328870865295353	0.0	0.1132502831257078	0.0	0.08668015024559377	0.2198932173225233	0.007647988579003722	0.007290223809870963	3.074096146205801	0.2242410303587856	0.1952970362355177	0.0	0.0626051570998161	3.895605450009595	6.563256522908635	0.0	0.0	0.0	0.0	0.003618206816701643	0.0	0.006523582751647205	23.93660312700792	27.03621688992147	0.0	0.1575571144539896	27.82444351112978	2.177769018525818	0.16	0.0	0.1940073291657685	39.06964718984925	2.613093565608317	9.98	0.0	0.0	0.0	0.0	0.0	0.0	0.0008407035006893769	4.872783346183501	0.09606147934678194	0.1016010930876222	2.78835545748959	0.01859427296392711	0.1351940689053641	0.1386962552011096	1.82	4.300489929232445	8.43	0.0	0.0	0.0	0.84
104313	5.277897457992245	3.471826977803073	2.062361895408789	1.463296383630474	2.40750966316952	0.0	2.929550139444647	0.0	2.81945933071335	0.0	1.893067280634433	5.486419498089435	2.818578801111552	1.293465479590123	5.162128355623977	3.466555919284702	2.276336686077289	13.76620108216937	0.0	0.05778676683039585	0.1265572473798695	45.07214602559527	2.687662511239095	0.2135478744537147	9.964351425942962	0.001319574569158903	32.13057304172886	1.537739171264233	0.3262329687200153	0.5155563525508832	0.0	0.1382852627419992	0.2708559046587216	0.0	0.01447282726680657	0.2706848326265452	0.1728749429186509	5.463696723067038	4.465096017715178	2.062146892655367	0.003751359867952133	0.5459890802183957	58.26763894363422	1.66	14.34905062864689	0.01724509592584609	0.248597907800008	19.57010396178702	0.0	0.0	0.0	14.95564509707114	0.0	0.0	0.01395722111727555	0.9424286242727915	1.094834232845027	1.402497598463016	1.499491994534562	0.2491191857361472	0.8181480104127928	3.270824247710423	3.675450762829403	2.85	0.4354926510615134	1.52	12.27281610318546	20.89133541523315	0.0	0.46
605399	0.0646273158121499	0.01897173211914248	0.03682789098944267	0.02203759613901316	0.04969630038652678	0.0	0.03395174002667636	0.0	0.1488626890556151	0.0	0.0	0.0	0.0	0.0	0.0	0.0	0.0	0.1510003775009437	0.0	0.0	0.0150286731263595	0.0	0.0	0.02483114819229241	2.113040478380865	0.1741838431289752	0.0	5.102320303635012	0.0	0.0	0.0	1.20505728960885	2.491874322860238	0.0	0.1374918590346624	2.162471051760955	7.688042272816231	0.0	0.0	0.0	0.01500543947180853	0.0	0.0	0.0	0.0	0.0	0.0	0.0	0.0	0.0	0.0	0.001592635652741722	0.0	0.0	0.0	0.04455728553653697	0.0	3.227665706051873	3.128612969905056	0.0	1.840833023428784	16.35412123855212	12.32085067036523	0.0	0.0	0.28	1.651358217705687	0.005292965648652941	0.0	0.0
4345543	3.059026281775097	3.073420603301081	3.707341026270562	2.637900257839875	4.301490889011596	7.37	4.568934157875591	0.0	5.394783851375491	0.0	0.0	0.3769492925746153	0.0	0.0	0.0	0.0	0.0	35.79967283251542	0.0	0.0	0.0	0.0	0.0	0.0	7.241835326586936	0.0	0.0	0.5008412567985288	0.03838034926117827	0.1569084551241818	0.0	0.0	0.0	0.0	0.0	0.0	0.003261791375823602	0.0	0.0	0.0	0.0	0.08399832003359933	0.0	0.0	0.0	0.05173528777753827	0.08551768028320274	0.0	0.0	0.0	0.0	0.0007963178263708611	0.0	0.0	0.0	0.0	0.7555898226676947	0.4803073967339098	0.6481449041796588	0.0302501868393893	0.5392339159538861	0.4186655037069342	0.3929727230698105	0.0	0.1088731627653783	0.0	0.004885675200312683	0.005292965648652941	0.0	0.0
339616	0.0	0.0	0.0	0.0	0.0	0.0	0.0	0.0	0.0	0.0	0.0	0.01032737787875658	0.01984914648670107	0.0	0.0	0.03420139737137832	0.0	0.0	19.9749814655162	0.04334007512279688	0.06644255487443149	0.007647988579003722	0.002430074603290321	0.01489868891537545	0.0	0.0	1.6483873061198	0.0	0.0	0.008966197435667534	0.1449695563931575	0.009877518767285657	0.0	0.0	0.01447282726680657	0.0	0.004892687063735403	0.3448275862068966	0.3363947677303034	0.0	0.02250815920771279	0.0	0.423728813559322	0.0	0.001347581764523563	0.0	0.0	3.793200337173364	0.84	0.0	1.404095885926303	0.0003981589131854306	0.6509985655963809	0.003816793893129771	0.01395722111727555	0.001681407001378754	0.0	0.0	0.0	0.001779422755258194	0.01859427296392711	0.0	0.0	0.0	0.0	0.0	0.0	0.0	0.0	0.0
181537	0.0215424386040499	0.0	0.0	0.002203759613901316	0.0	0.0	0.00242512428761974	0.0	0.02084077646778611	0.0	0.0	0.0	0.0	0.0	0.0	0.0	0.0	0.01258336479174531	0.0	11.90407396706154	0.4176389163535693	0.0	0.0	0.0	0.01437442502299908	0.001319574569158903	0.00324485690181063	0.0	0.0	0.0	0.0	0.0	0.0	0.0	0.4124755771039872	0.003007609251406057	0.01141626981538261	0.0	0.0	0.0	17.92399744907529	0.0	0.0	0.0	0.00539032705809425	0.4397499461090753	0.0	0.0	0.0	0.0	0.05638208868356917	0.002388953479112583	0.0	0.0	0.0	2.81971954131217	0.0	0.01921229586935639	0.003503485968538696	0.0	0.01859427296392711	0.00872219799389446	0.02311604253351826	0.0	0.0	0.0	0.0	0.0	0.0	0.0
781203	0.0	0.0	0.0	0.0	0.003681207436039021	0.0	0.0	1.18	0.02977253781112302	0.54	10.71885392683551	1.988020241660642	23.89837236998809	1.293465479590123	2.07832194746464	31.08907021058289	2.011646373742721	0.01258336479174531	0.0	0.05778676683039585	0.5062289895194779	2.93172895528476	1.727783042939418	35.30989272943981	1.40869365225391	0.3312132168588847	0.0	0.05869233478107759	1.631164843600077	3.187483188379808	0.02899391127863149	0.08889766890557092	0.1354279523293608	1.8	0.0	3.840717014045535	0.1712440472307391	1.850503319768687	0.4150482206168851	0.0	0.0	1.532969340613188	0.1083957430035475	0.0	0.0	0.1422720413882302	0.7955133049600254	0.07024445068839562	3.67	0.0	0.2273471317885853	0.005176065871410597	0.0	0.02480916030534351	0.02616978959489166	0.0327874365268857	19.67617579028527	0.07684918347742556	0.05255228952808044	0.6744012242428556	1.152844923763481	0.1221107719145225	0.1618122977346279	0.0	1.30647795318454	0.0	0.0	0.0	1.75	0.0
1657324	0.1077121930202499	0.1517738569531398	0.1473115639577707	0.07933534610044736	0.1049144119271121	1.49	0.08002910149145144	0.0	0.1786352268667381	0.0	0.0	0.0	0.0	0.0	0.0	0.0	0.0	0.2139172014596703	0.0	0.0	0.0	0.0	0.0	0.0	0.4484820607175713	0.0	0.0	6.244864420706656	0.0	0.0	0.0	2.755827736072698	3.737811484290358	0.0	0.0	3.973051821107402	2.175614847674343	0.0	0.0	0.0	0.0	0.0	0.0	0.0	0.0	0.0	0.0	0.0	0.0	0.0	0.0	0.0	0.0	0.0	0.0	0.0	0.0	0.7108549471661864	0.7357320533931262	0.0	0.669393826701376	0.5102485826428259	0.6934812760055479	0.0	0.0	0.0	0.0	0.0	0.0	0.0
120274	1.529513140887549	0.910643141718839	1.05573287503069	0.9277827974524538	1.362046751334438	2.71	9.959985449254274	0.0	1.607717041800643	0.0	0.0	0.0	0.0	0.0	0.0	0.0	0.0	2.252422297722411	0.0	0.0	0.0	0.0	0.0	0.0	0.4829806807727691	0.0	0.0	0.3756309425988966	0.0	0.0	0.02899391127863149	0.4148557882259977	0.6500541711809318	0.0	0.0	0.6135522872868356	2.521364733511645	0.0	0.0	0.0	0.1538057545860375	0.0	0.0	0.89	0.0	0.08622547962923044	0.0	0.0	0.0	0.0	0.0	0.0	0.0	0.001908396946564886	0.0	0.04203517503446884	0.0	0.5571565802113353	0.553550783029114	0.0	0.05578281889178133	0.5800261665939817	0.53166897827092	1.12	0.0	2.79	0.004885675200312683	0.0	0.0	0.0
713656	3.446790176647997	5.995067349649022	2.430640805303216	2.11120171011746	3.313086692435119	13.49	47.39662907724021	0.0	4.510539478385137	0.0	0.0	0.0	0.0	0.0	0.0	0.0	0.0	2.277589027305902	0.0	0.0	0.02056555269922879	0.0	0.0	0.0	0.5634774609015639	11.21770341241984	0.0	0.2112924052118793	0.0	0.0	0.0	3.289213749506124	20.85590465872156	0.0	0.2677473044359215	6.740052332400974	40.81968817274447	0.0	0.0	0.0	0.0	0.0	0.0	0.0	0.0	0.0	0.0	0.0	0.0	0.0	0.0	0.0007963178263708611	0.0	0.0	0.0	0.3556175807916064	0.0	0.09606147934678194	0.03853834565392565	0.0	0.167348456675344	0.09594417793283908	0.1386962552011096	0.0	0.0	0.0	0.0	0.0	0.0	0.0
1125313	0.0	0.0	0.03682789098944267	0.01101879806950658	0.02760905577029266	0.0	0.01940099430095792	0.0	0.03274979159223532	0.79	1.534919416730621	2.243622844159868	1.032155617308456	0.3359650596337981	0.4955258346964302	1.353398153124542	0.3176283748014823	0.1006669183339625	0.4293721458706136	0.6501011268419532	0.0403401226023334	1.045225105797175	6.801778814609609	0.004966229638458482	0.06037258509659614	11.84977963104695	0.0	0.08999491333098564	9.134523124160431	3.052990226844795	0.0	0.009877518767285657	0.02708559046587215	0.0	0.1374918590346624	0.03308370176546663	0.01630895687911801	0.1477832512315271	0.1778778088358079	0.4449152542372882	0.007502719735904265	2.372952540949181	2.493102089081592	0.54	0.0	0.08191420564776893	1.519430412473649	0.1826355717898286	0.0	71.42363958054632	0.001818777054308683	0.04857538740862253	0.0	0.0	0.0	0.1084507515889296	27.01619121048574	0.2305475504322767	0.1856847563325509	1.943129648741948	0.1487541837114169	0.02180549498473616	0.06934812760055478	0.0	3.320631464344039	0.0	0.009771350400625366	12.29555920182078	0.0	0.0
3290764	0.2800517018526497	3.225194460254222	1.878222440461576	0.2622473940542566	0.5282532670715995	3.6	0.3516430217048624	1.48	0.6133142789091341	0.94	0.0	0.01807291128782402	0.1389440254069075	0.0	0.00962186086789185	0.01954365564078761	0.0	0.3900843085441047	17.13673015482029	0.1444669170759896	0.008700810757366027	0.2498342935807882	0.007290223809870963	0.0	0.1121205151793928	0.1002876672560766	0.0	0.1839026489807098	0.05757052389176742	0.03586478974267013	8.408234270803131	0.2864480442512841	0.2708559046587216	1.4	0.1953831681018887	0.5353544467502782	0.2674668928175354	0.01070893124866138	0.007260318727992159	0.03177966101694915	0.03001087894361706	0.02099958000839983	0.03941663381947182	0.21	0.001347581764523563	0.09484802759215348	0.1173382124816038	0.02809778027535825	1.13	25.49087299874854	0.003637554108617366	0.09595629807768877	0.4965243296921549	0.6908396946564885	0.401270107121672	0.3682281333019471	0.2467232074016962	0.1536983669548511	0.1856847563325509	0.02135307306309833	0.4648568240981777	0.1177496729175752	0.2080443828016643	0.0	0.05443658138268917	0.0	0.08794215360562829	0.01058593129730588	0.0	0.0
722895	0.5385609651012494	0.398406374501992	6.174809722563221	0.4407519227802632	0.6626173384870238	0.0	0.6232569419182733	0.0	0.8395855662736691	0.0	0.0	0.03614582257564804	0.0	0.0	0.0	0.0	0.0	0.5914181452120297	0.0007244749367895617	0.0	0.006327862368993474	0.0	0.002430074603290321	0.004966229638458482	1.791053357865686	0.04618510992056161	0.0	1.819462378213405	0.09595087315294569	0.07621267820317404	0.0	0.02963255630185697	0.08125677139761647	0.0	0.003618206816701643	0.03609131101687268	0.02609433100658882	0.0	0.0	0.0	0.05251903815132986	0.02099958000839983	0.0	0.0	0.0	0.1034705755550765	0.02585418241120083	0.0	0.0	0.0	0.0	23.5025243275096	0.0	0.0	0.01046791583795666	0.1008844200827252	0.8481110254433308	2.478386167146974	2.371860000700697	0.03558845510516388	17.94347341018966	1.330135194068905	1.895515487748498	0.0	0.05443658138268917	0.0	0.01954270080125073	0.04234372518922352	0.0	0.0
928538	0.7324429125376993	2.712957693037374	1.829118585808986	8.266302311743836	2.354132155346954	0.0	0.7736146477506972	0.0	0.7711087293080862	0.0	0.0255819902788437	0.005163688939378292	0.03969829297340214	0.1175877708718293	0.1587607043202156	0.03420139737137832	0.5823186871360508	0.4781678620863218	0.002897899747158247	0.08668015024559377	0.0	0.05863457910569519	1.127554615926709	0.4866905045689313	0.1264949402023919	0.0	0.2758128366539035	0.1173846695621552	0.01919017463058914	0.004483098717833767	0.0	3.743579612801264	1.489707475622969	0.9	0.2388016499023084	0.7158110018346416	0.6344184225976907	0.002141786249732277	0.04719207173194903	0.07768361581920905	0.02625951907566493	0.0	0.009854158454867954	0.0	0.5242093063996658	0.0776029316663074	0.007955133049600256	0.0	0.0	0.03236525266473914	4.15590556909534	0.0	1.279929383206444	0.003816793893129771	0.008723263198297219	0.6902175740659784	0.0	0.09606147934678194	0.2277265879550152	0.0	0.01859427296392711	0.00436109899694723	0.04623208506703652	0.0	0.0	0.0	0.0	0.0	0.0	0.0
145205	0.0	0.0	0.0	0.0	0.0	0.0	0.0	0.0	0.0	0.0	3.453568687643899	2.47857069090158	0.5160778086542279	0.3023685536704183	0.3463869912441066	0.4470611227830166	10.21704605611435	0.0	0.0	0.0	0.0	0.3849487584765207	4.748365774829287	0.0	0.01149954001839926	0.0	0.0	0.01565128927495402	0.2302820955670697	0.4572760692190442	0.0	0.01975503753457131	0.02708559046587215	0.0	0.003618206816701643	0.0210532647598424	0.03587970513405963	0.0	0.0	0.0	0.0	0.3359932801343973	0.0	0.0	0.0	0.008622547962923045	0.1809792768784058	0.0	0.0	0.0	0.0	0.0	0.0	0.0	0.0	0.001681407001378754	0.4934464148033924	0.0	0.01401394387415478	0.1387949749101391	0.01859427296392711	0.00872219799389446	0.0	0.0	1.633097441480675	0.0	0.0	0.0	0.0	0.0
529182	0.0	0.0	0.0	0.002203759613901316	0.00184060371801951	0.0	0.00242512428761974	0.0	0.0	0.0	0.0	0.0335639781059589	0.0	0.0	0.0	0.0	0.0	0.01258336479174531	0.0	0.0	11.12438204469053	0.0	0.0	0.6803734604688121	0.01149954001839926	0.009237021984112323	0.0	0.0	0.0	0.004483098717833767	0.0	0.0	0.0	0.0	0.0	0.0	0.0	0.0	0.0	0.0	0.003751359867952133	0.0	0.0	0.0	0.002695163529047125	7.518861823668894	0.01193269957440038	0.0	26.17	0.0	0.0	0.003583430218668875	0.0	0.0	0.0	0.0	0.06168080185042405	0.01921229586935639	0.007006971937077392	0.01601480479732375	0.01859427296392711	0.02616659398168339	0.02311604253351826	48.76	0.0	0.0	0.0	0.0	0.0	0.0
4337055	0.0	0.0	0.0	0.0	0.0	5.01	0.0	28.73	0.0	0.0	0.0	0.0	0.0	0.0	0.0	0.0	0.0	0.0	0.0	0.0	0.0	0.0	0.0	0.0	0.0	0.0	0.0	0.0	0.0	0.0	0.0	0.0	0.0	0.0	0.0	0.003007609251406057	0.0	0.0	0.0	0.0	0.0	0.0	0.0	0.0	0.0	0.0	0.0	0.0	0.0	0.0	0.0	0.0	0.0	0.0	0.0	0.0	0.0	0.0	0.0	0.0	0.0	0.0	0.0	0.0	0.0	0.0	0.0	0.0	1.63	0.0
3918	0.0	0.0	0.0	0.0	0.0	0.0	0.0	0.0	0.0	0.0	21.84701969813251	16.96530001032738	3.533148074632791	0.9910969259197042	1.193110747618589	0.823276493868178	3.811540497617787	0.0	0.0	0.0	0.0	0.7189109264263499	1.467765060387354	0.0	0.0	0.0	0.0	0.0	1.017079255421224	6.5587734241908	0.0	0.0	0.0	0.0	0.0	0.0	0.0	0.002141786249732277	0.0	0.0	0.0	0.9029819403611928	0.0	0.0	0.0	0.0	1.24100075573764	0.0	0.0	0.0	0.0	0.0	0.0	0.0	0.0	0.0	5.397070161912105	0.0	0.0	0.8754759955870316	0.0	0.0	0.0	0.0	1.088731627653783	0.0	0.0	0.0	0.0	0.0
236204	0.0	0.0	0.0	0.002203759613901316	0.0	0.0	0.0	0.0	0.005954507562224604	0.0	0.0	0.0	0.0	0.0	0.0	0.0	0.0	0.0	0.0	0.6934412019647501	0.07988926240854262	0.0	0.0	0.0	0.02012419503219871	0.0	0.1541307028360049	0.05086669014360058	0.0	0.0	55.34937663090751	0.009877518767285657	0.02708559046587215	0.0	0.02894565453361314	0.01804565550843634	0.008154478439559005	0.0	0.0	0.0	0.3826387065311175	0.0	0.0	0.0	2.028110555607961	0.3017891787023065	0.0	0.0	0.0	0.0	0.0	0.0	1.114421273309059	0.0	0.0	0.0	0.0	0.0	0.01751742984269348	0.0	0.0	0.01308329699084169	0.0	0.0	0.0	0.54	0.0	0.0	0.0	0.0
38267	1.658767772511848	2.162777461582242	0.8102136017677388	1.536020450889217	0.8374746916988772	0.98	3.050806353825634	0.0	1.083720376324878	0.0	0.0	0.002581844469689146	0.0	0.0	0.0	0.0	0.0	1.661004152510381	0.0	0.0	0.004745896776745105	0.0	0.0	0.02979737783075089	0.3076126954921803	0.0	0.0	0.2191180498493563	0.0	0.0	0.0	0.1876728565784275	0.9479956663055255	1.23	0.0	0.4150500766940359	0.8920999412877553	0.01070893124866138	0.0181507968199804	0.04060734463276836	0.02625951907566493	0.0	0.09854158454867955	0.32	0.0	0.04311273981461522	0.0	0.02809778027535825	0.0	0.0	0.0109126623258521	0.0	0.0	2.637404580152672	0.4972260023029415	0.147123112620641	0.0	0.1921229586935639	0.1716708124583961	0.0	0.1487541837114169	0.9507195813344962	0.6934812760055479	2.2	0.0	2.63	0.1514559312096932	0.0	0.0	0.0
4463039	0.0	0.0	0.0	0.0	0.0	0.0	0.0	0.0	0.0	0.0	0.1534919416730622	20.72188371372508	0.3374354902739182	0.1343860238535192	0.1058404695468103	0.1270337616651195	0.05293806246691372	0.0	0.0	0.0	0.0	0.1682557487380819	5.781147481227674	0.0	0.0	0.0	0.0	0.0	0.4989445403953176	2.259481753788218	0.0	0.0	0.0	0.0	0.0	0.0	0.0	0.0	0.001210053121332026	0.0	0.0	0.9659806803863923	0.0	0.0	0.0	0.0	0.5329939143232171	0.0	0.0	0.0	0.0	0.0	0.0	0.0	0.0	0.0	0.6476484194294526	0.0	0.0	0.6334745008719171	0.0	0.0	0.0	0.0	0.7621121393576483	0.0	0.0	0.0	0.0	0.0
556957	0.0	0.0	0.0	0.0	0.0	0.0	0.0	0.0	0.0	0.0	0.0	0.0	0.0	0.0	0.0	0.0	0.0	0.0	0.0	0.0	0.0	0.0	0.0	0.0	0.0	0.0	0.0	0.0	0.0	0.0	0.0	0.0	0.0	0.0	0.0	0.0	0.0	0.0	0.0	0.0	0.0	0.0	0.0	0.0	0.0	0.0	0.0	0.0	0.0	0.0	0.0	0.0	0.0	0.0	0.0	0.04119447153377947	0.0	0.0	0.0	0.0	0.0	0.0	0.0	0.0	0.0	0.0	0.0	0.0	0.0	0.0
162379	0.1723395088323998	0.01897173211914248	0.0	0.006611278841703947	0.01840603718019511	0.0	0.04607736146477507	0.0	0.008931761343336906	0.0	0.0	0.02840028916658061	0.0	0.0	0.0	0.0	0.0	0.0	0.0	0.0	0.0	0.0	0.0	0.0	0.008624655013799448	0.1253595840700958	0.0	0.0	0.0	0.0806957769210078	0.0	0.0	0.0	0.0	0.0	0.003007609251406057	0.04240328788570683	0.0	0.0	0.0	0.0	0.04199916001679967	0.0	0.0	0.0	0.0	0.02784296567360089	0.0	0.0	0.0	0.0	0.0007963178263708611	0.0	0.0	0.0	0.0	0.01542020046260601	0.05763688760806917	0.007006971937077392	0.01601480479732375	0.0	0.1439162668992586	0.1155802126675913	0.0	2.558519324986391	0.0	0.0	0.0	0.0	0.0
638460	0.0	0.0	0.0	0.0	0.0	0.0	0.0	1.5	0.002977253781112302	0.0	0.0	0.0335639781059589	0.0	0.0	0.0	0.0	0.0	0.0	0.0	0.0	0.0007909827961241842	0.0	0.0	0.004966229638458482	0.0	0.002639149138317806	0.0	0.003912822318738506	0.0	0.05828028333183897	0.0	0.0	0.05417118093174431	0.0	0.0	0.03308370176546663	0.01141626981538261	0.0	0.0	0.0	0.0	0.0	0.0	0.0	0.0	0.0	0.001988783262400064	0.0	0.0	0.0	0.0	0.001990794565927153	0.0	0.0	0.0	0.0	0.01542020046260601	0.0	0.003503485968538696	0.001779422755258194	0.0	0.01308329699084169	0.02311604253351826	0.0	0.0	0.0	0.0	0.0	0.0	0.0
4378477	0.1077121930202499	0.1328021248339973	0.1350356002946231	1.328867047182493	0.1656543346217559	0.0	0.1164059658057476	0.0	0.1994760033345242	0.0	0.0	0.0	0.0	0.0	0.0	0.0	0.0	0.1006669183339625	0.0	0.0	0.0	0.0	0.0	0.0	0.02012419503219871	0.0	0.0	0.04304104550612357	0.0	0.0	0.0	0.0	0.02708559046587215	0.0	0.0	0.03007609251406057	0.01793985256702981	0.0	0.0	0.0	0.0	0.0	0.0	0.0	0.0	0.0	0.0	0.0	0.0	0.0	0.0	0.05574224784596028	0.0	0.0	0.0	0.0	0.0	0.03842459173871278	0.03503485968538696	0.0	0.0	0.00436109899694723	0.0	0.0	0.0	0.0	0.004885675200312683	0.005292965648652941	0.0	0.0